Año,Mes,Nombre Servicio,Departamento,Municipio,Mujeres 0 a 1 Años,Mujeres 2 a 14 Años,Mujeres 15 a 64 Años,Mujeres Mayores de 65,Hombres 0 a 1 Años,Hombres 2 a 14 Años,Hombres 15 a 64 Años,Hombres Mayores de 65,Total Transfundido
2024,ENERO,LABORATORIO TEST,ANTIOQUIA,MEDELLÍN,2,0,26,11,2,0,9,12,62
2024,ENERO,E.S.E HOSPITAL LA MERCED DE CIUDAD BOLIVAR,ANTIOQUIA,CIUDAD BOLÍVAR,0,0,7,0,0,0,0,0,7
2024,ENERO,CLINICA SAN JUAN DE DIOS LA CEJA,ANTIOQUIA,LA CEJA,0,0,5,6,0,0,7,4,22
2024,ENERO,ESE HOSPITAL CESAR URIBE PIEDRAHITA,ANTIOQUIA,CAUCASIA,0,2,13,9,0,2,4,1,31
2024,ENERO,CLINICA UNIVERSITARIA BOLIVARIANA,ANTIOQUIA,MEDELLÍN,13,0,33,5,15,0,12,10,88
2024,ENERO,PROMOTORA MEDICA LAS AMERICAS S.A,ANTIOQUIA,MEDELLÍN,2,5,95,82,5,3,81,66,339
2024,ENERO,ESE HOSPITAL CESAR URIBE PIEDRAHITA SEDE PUERTO BERRIO,ANTIOQUIA,CAUCASIA,0,0,4,3,0,1,1,4,13
2024,ENERO,UNIDAD HOSPITALARIA DE CASTILLA JAIME TOBON ARBELAEZ,ANTIOQUIA,MEDELLÍN,0,0,1,2,0,0,3,1,7
2024,ENERO,UNIDAD HOSPITALARIA DE BELEN HECTOR ABAD GOMEZ,ANTIOQUIA,MEDELLÍN,0,0,5,5,0,0,7,6,23
2024,ENERO,HOSPITAL PABLO TOBON URIBE,ANTIOQUIA,MEDELLÍN,3,16,61,52,6,23,94,59,314
2024,ENERO,SYNLAB SEDE INTERQUIROFANOS,ANTIOQUIA,MEDELLÍN,0,0,2,0,0,0,1,0,3
2024,ENERO,LABORATORIO MEDICO DE REFERENCIA,ANTIOQUIA,MEDELLÍN,0,0,11,18,0,1,11,6,47
2024,ENERO,INSTITUTO DEL CORAZON S.A.S,ANTIOQUIA,MEDELLÍN,0,0,3,4,0,0,0,4,11
2024,ENERO,INVERSIONES MEDICAS DE ANTIOQUIA S.A. CLINICA LAS VEGAS,ANTIOQUIA,MEDELLÍN,0,0,23,52,0,0,44,31,150
2024,ENERO,CORPORACION PARA ESTUDIOS EN SALUD CLINICA CES,ANTIOQUIA,MEDELLÍN,0,0,30,27,0,0,33,31,121
2024,ENERO,E.S.E HOSPITAL SAN JUAN DE DIOS ANTIOQUIA,ANTIOQUIA,SANTAFÉ DE ANTIOQUIA,0,0,5,3,0,0,8,3,19
2024,ENERO,HOSPITAL GENERAL DE MEDELLIN LUZ CASTRO DE GUTIERREZ E.S.E,ANTIOQUIA,MEDELLÍN,6,4,52,33,9,4,42,26,176
2024,ENERO,CLINICA CENTRAL FUNDADORES,ANTIOQUIA,MEDELLÍN,0,0,16,18,0,0,10,14,58
2024,ENERO,FUNDACION HOSPITAL SAN VICENTE DE PAUL RIONEGRO,ANTIOQUIA,RIONEGRO,0,0,42,17,0,0,48,22,129
2024,ENERO,CLINICA VIDA SEDE HOSPITALARIA,ANTIOQUIA,MEDELLÍN,0,0,65,44,0,0,38,23,170
2024,ENERO,ESPECIALIDADES MEDICAS METROPOLITANAS S.A.S.,ANTIOQUIA,BELLO,0,0,2,9,0,0,3,9,23
2024,ENERO,UNLAB SOMA sede Chigorodó,ANTIOQUIA,CHIGORODÓ,0,0,10,0,0,0,0,0,10
2024,ENERO,HOSPITAL SAN JUAN DE DIOS E.S.E RIONEGRO - ANTIOQUIA,ANTIOQUIA,RIONEGRO,0,0,24,7,0,0,15,9,55
2024,ENERO,MESSER COLOMBIA S.A. AGENCIA REMEO CENTER MEDELLIN,ANTIOQUIA,MEDELLÍN,0,0,0,0,0,0,1,1,2
2024,ENERO,NUEVA CLINICA SAGRADO CORAZON S.A.S,ANTIOQUIA,MEDELLÍN,0,0,36,21,0,0,25,20,102
2024,ENERO,CLINICA CARDIO VID,ANTIOQUIA,MEDELLÍN,7,8,15,16,7,4,23,26,106
2024,ENERO,CLINICA PAJONAL LIMITADA,ANTIOQUIA,CAUCASIA,0,1,10,1,0,0,1,6,19
2024,ENERO,SYNLAB SEDE EL TESORO,ANTIOQUIA,MEDELLÍN,0,0,5,0,0,0,0,0,5
2024,ENERO,EMPRESA SOCIAL DEL ESTADO HOSPITAL SAN RAFAEL DE YOLOMBO,ANTIOQUIA,YOLOMBÓ,0,0,9,1,1,0,5,3,19
2024,ENERO,UNIDAD HOSPITALARIA SANTA CRUZ VICTOR CARDENAS JARAMILLO,ANTIOQUIA,MEDELLÍN,0,0,1,5,0,0,2,1,9
2024,ENERO,CORPORACION HOSPITAL INFANTIL CONCEJO DE MEDELLIN,ANTIOQUIA,MEDELLÍN,0,0,0,0,0,1,0,0,1
2024,ENERO,E.S.E. HOSPITAL SAN RAFAEL DE ITAGUI,ANTIOQUIA,ITAGUI,0,0,2,2,0,0,0,0,4
2024,ENERO,HOSPITAL MANUEL URIBE ANGEL E.S.E,ANTIOQUIA,ENVIGADO,8,0,45,28,5,0,28,50,164
2024,ENERO,CENTRO ONCOLOGICO DE ANTIOQUIA S.A.,ANTIOQUIA,ENVIGADO,0,0,46,24,0,0,34,35,139
2024,ENERO,SOCIEDAD MEDICA RIONEGRO S.A. SOMER S.A,ANTIOQUIA,RIONEGRO,14,8,54,42,17,8,51,41,235
2024,ENERO,PROMOTORA CLINICA ZONA FRANCA DE URABA,ANTIOQUIA,APARTADÓ,4,0,55,35,4,0,62,28,188
2024,ENERO,CEDIMED POBLADO,ANTIOQUIA,MEDELLÍN,0,0,1,3,0,0,1,1,6
2024,ENERO,FUNDACION HOSPITALARIA SAN VICENTE DE PAUL,ANTIOQUIA,MEDELLÍN,20,22,66,34,23,25,83,45,318
2024,ENERO,CLINICA CENTRAL FUNDADORES APARTADO,ANTIOQUIA,APARTADÓ,1,0,17,6,1,1,8,6,40
2024,ENERO,UNIDAD HOSPITALARIA NUEVO OCCIDENTE,ANTIOQUIA,MEDELLÍN,0,0,2,1,0,0,3,5,11
2024,ENERO,UNIDAD HOSPITALARIA DE MANRRIQUE HERMENEGILDO DE FEX,ANTIOQUIA,MEDELLÍN,0,0,14,3,0,0,0,0,17
2024,ENERO,CLINICA MEDELLIN SEDE OCCIDENTE,ANTIOQUIA,MEDELLÍN,0,0,24,33,0,0,28,32,117
2024,ENERO,IPS UNIVERSITARIA SEDE CLINICA LEON XIII,ANTIOQUIA,MEDELLÍN,0,0,65,72,0,3,77,55,272
2024,ENERO,EMPRESA SOCIAL DEL ESTADO HOSPITAL FRANCISCO VALDERRAMA,ANTIOQUIA,TURBO,0,0,5,2,0,1,1,0,9
2024,ENERO,LABORATORIO MEDICO DE REFERENCIA SEDE EL TESORO,ANTIOQUIA,MEDELLÍN,6,19,3,7,3,7,4,20,69
2024,ENERO,CLINICA DE LA POLICIA REGIONAL VALLE DE ABURRA,ANTIOQUIA,ENVIGADO,0,0,3,4,0,0,0,2,9
2024,ENERO,E.S.E HOSPITAL SAN VICENTE DE PAUL DE CALDAS,ANTIOQUIA,CALDAS,0,0,3,4,0,0,1,2,10
2024,ENERO,EMPRESA SOCIAL DEL ESTADO HOSPITAL MARCO FIDEL SUAREZ,ANTIOQUIA,BELLO,0,0,24,35,1,0,43,26,129
2024,ENERO,E.S.E. HOSPITAL LA MARIA,ANTIOQUIA,MEDELLÍN,0,0,10,6,0,0,11,11,38
2024,ENERO,EMPRESA SOCIAL DEL ESTADO HOSPITAL SAN JUAN DE DIOS YARUMAL,ANTIOQUIA,YARUMAL,0,0,11,3,0,0,3,3,20
2024,ENERO,FUNDACION INSTITUTO NEUROLOGICO DE COLOMBIA,ANTIOQUIA,MEDELLÍN,0,0,7,3,0,0,2,4,16
2024,ENERO,LABORATORIO MEDICO LAS AMERICAS SEDE SUR,ANTIOQUIA,ENVIGADO,0,0,15,15,0,0,11,12,53
2024,ENERO,IPS SAN MARCOS DE LEON NORTE S.A.S,ANTIOQUIA,MEDELLÍN,0,0,7,23,0,0,5,15,50
2024,ENERO,FUNDACION CLINICA DEL NORTE,ANTIOQUIA,BELLO,0,0,10,11,0,0,8,17,46
2024,FEBRERO,FUNDACION CLINICA DEL NORTE,ANTIOQUIA,BELLO,0,0,12,20,0,0,15,23,70
2024,FEBRERO,CLINICA GENEZEN S.A.S SEDE PUERTO BERRIO,ANTIOQUIA,PUERTO BERRÍO,0,1,3,0,0,0,0,0,4
2024,FEBRERO,ESE HOSPITAL CESAR URIBE PIEDRAHITA SEDE PUERTO BERRIO,ANTIOQUIA,CAUCASIA,0,0,5,2,0,0,0,2,9
2024,FEBRERO,IPS SAN MARCOS DE LEON NORTE S.A.S,ANTIOQUIA,MEDELLÍN,0,0,4,14,0,0,7,16,41
2024,FEBRERO,UNIDAD HOSPITALARIA DE BELEN HECTOR ABAD GOMEZ,ANTIOQUIA,MEDELLÍN,0,0,1,5,0,0,2,9,17
2024,FEBRERO,ESPECIALIDADES MEDICAS METROPOLITANAS S.A.S.,ANTIOQUIA,BELLO,0,0,9,3,0,0,14,6,32
2024,FEBRERO,IPS UNIVERSITARIA SEDE CLINICA LEON XIII,ANTIOQUIA,MEDELLÍN,0,1,67,57,0,1,72,59,257
2024,FEBRERO,LABORATORIO MEDICO DE REFERENCIA,ANTIOQUIA,MEDELLÍN,0,0,6,10,0,0,8,7,31
2024,FEBRERO,SYNLAB SEDE CIUDAD DEL RIO,ANTIOQUIA,MEDELLÍN,8,0,67,9,10,0,5,6,105
2024,FEBRERO,SYNLAB SEDE EL TESORO,ANTIOQUIA,MEDELLÍN,0,0,5,0,0,0,1,0,6
2024,FEBRERO,UNIDAD HOSPITALARIA NUEVO OCCIDENTE,ANTIOQUIA,MEDELLÍN,0,0,2,4,0,0,1,5,12
2024,FEBRERO,EMPRESA SOCIAL DEL ESTADO HOSPITAL SAN RAFAEL DE YOLOMBO,ANTIOQUIA,YOLOMBÓ,0,0,5,1,0,0,1,0,7
2024,FEBRERO,LABORATORIO MEDICO LAS AMERICAS SEDE SUR,ANTIOQUIA,ENVIGADO,0,0,11,18,0,0,4,10,43
2024,FEBRERO,PROMOTORA CLINICA ZONA FRANCA DE URABA,ANTIOQUIA,APARTADÓ,6,0,68,32,8,0,62,30,206
2024,FEBRERO,SOCIEDAD MEDICA RIONEGRO S.A. SOMER S.A,ANTIOQUIA,RIONEGRO,13,5,55,32,16,11,45,36,213
2024,FEBRERO,HOSPITAL PABLO TOBON URIBE,ANTIOQUIA,MEDELLÍN,5,14,57,43,9,24,79,43,274
2024,FEBRERO,UNIDAD HOSPITALARIA SANTA CRUZ VICTOR CARDENAS JARAMILLO,ANTIOQUIA,MEDELLÍN,0,0,2,2,0,0,0,0,4
2024,FEBRERO,CLINICA CENTRAL FUNDADORES APARTADO,ANTIOQUIA,APARTADÓ,0,3,12,4,0,2,5,3,29
2024,FEBRERO,EMPRESA SOCIAL DEL ESTADO HOSPITAL MARCO FIDEL SUAREZ,ANTIOQUIA,BELLO,1,0,27,28,0,0,29,23,108
2024,FEBRERO,HOSPITAL SAN JUAN DE DIOS E.S.E RIONEGRO - ANTIOQUIA,ANTIOQUIA,RIONEGRO,0,0,11,8,0,0,12,7,38
2024,FEBRERO,LABORATORIO MEDICO DE REFERENCIA SEDE EL TESORO,ANTIOQUIA,MEDELLÍN,5,6,26,10,6,3,11,16,83
2024,FEBRERO,CLINICA PAJONAL LIMITADA,ANTIOQUIA,CAUCASIA,0,1,9,1,0,0,3,0,14
2024,FEBRERO,CLINICA CENTRAL FUNDADORES,ANTIOQUIA,MEDELLÍN,0,0,16,18,0,0,10,14,58
2024,FEBRERO,CLINICA CARDIO VID,ANTIOQUIA,MEDELLÍN,9,7,16,17,7,1,37,19,113
2024,FEBRERO,FUNDACION INSTITUTO NEUROLOGICO DE COLOMBIA,ANTIOQUIA,MEDELLÍN,0,0,12,3,0,0,2,4,21
2024,FEBRERO,UNIDAD HOSPITALARIA DE MANRRIQUE HERMENEGILDO DE FEX,ANTIOQUIA,MEDELLÍN,0,0,8,1,0,0,0,2,11
2024,FEBRERO,E.S.E HOSPITAL SAN VICENTE DE PAUL DE CALDAS,ANTIOQUIA,CALDAS,0,0,3,5,0,0,0,0,8
2024,FEBRERO,EMPRESA SOCIAL DEL ESTADO HOSPITAL FRANCISCO VALDERRAMA,ANTIOQUIA,TURBO,0,1,7,1,1,1,4,1,16
2024,FEBRERO,CEDIMED POBLADO,ANTIOQUIA,MEDELLÍN,0,0,2,2,0,0,0,0,4
2024,FEBRERO,CENTRO ONCOLOGICO DE ANTIOQUIA S.A.,ANTIOQUIA,ENVIGADO,0,0,49,22,0,0,38,28,137
2024,FEBRERO,CLINICA DE LA POLICIA REGIONAL VALLE DE ABURRA,ANTIOQUIA,ENVIGADO,0,0,2,1,0,0,0,1,4
2024,FEBRERO,EMPRESA SOCIAL DEL ESTADO HOSPITAL SAN JUAN DE DIOS YARUMAL,ANTIOQUIA,YARUMAL,0,0,7,1,0,0,12,9,29
2024,FEBRERO,CLINICA UNIVERSITARIA BOLIVARIANA,ANTIOQUIA,MEDELLÍN,8,1,31,12,12,1,7,4,76
2024,FEBRERO,CLINICA VIDA SEDE HOSPITALARIA,ANTIOQUIA,MEDELLÍN,0,0,65,55,0,0,48,41,209
2024,FEBRERO,PROMOTORA MEDICA LAS AMERICAS S.A,ANTIOQUIA,MEDELLÍN,3,3,116,72,5,2,76,61,338
2024,FEBRERO,ESE HOSPITAL CESAR URIBE PIEDRAHITA,ANTIOQUIA,CAUCASIA,0,3,9,4,0,0,3,8,27
2024,FEBRERO,INVERSIONES MEDICAS DE ANTIOQUIA S.A. CLINICA LAS VEGAS,ANTIOQUIA,MEDELLÍN,0,0,21,52,0,0,22,58,153
2024,FEBRERO,FUNDACION HOSPITALARIA SAN VICENTE DE PAUL,ANTIOQUIA,MEDELLÍN,19,28,59,46,19,27,72,44,314
2024,FEBRERO,E.S.E HOSPITAL LA MERCED DE CIUDAD BOLIVAR,ANTIOQUIA,CIUDAD BOLÍVAR,0,0,3,2,0,0,0,0,5
2024,FEBRERO,CORPORACION HOSPITAL INFANTIL CONCEJO DE MEDELLIN,ANTIOQUIA,MEDELLÍN,0,1,0,0,2,0,0,0,3
2024,FEBRERO,E.S.E HOSPITAL SAN JUAN DE DIOS ANTIOQUIA,ANTIOQUIA,SANTAFÉ DE ANTIOQUIA,0,0,10,0,0,0,7,3,20
2024,FEBRERO,CLINICA MEDELLIN SEDE OCCIDENTE,ANTIOQUIA,MEDELLÍN,0,0,20,26,0,0,30,34,110
2024,FEBRERO,UNLAB SOMA sede Chigorodó,ANTIOQUIA,CHIGORODÓ,0,0,5,0,2,0,0,0,7
2024,FEBRERO,SYNLAB SEDE INTERQUIROFANOS,ANTIOQUIA,MEDELLÍN,0,0,2,0,0,0,1,1,4
2024,FEBRERO,HOSPITAL GENERAL DE MEDELLIN LUZ CASTRO DE GUTIERREZ E.S.E,ANTIOQUIA,MEDELLÍN,8,4,43,31,8,2,23,30,149
2024,FEBRERO,NUEVA CLINICA SAGRADO CORAZON S.A.S,ANTIOQUIA,MEDELLÍN,0,0,34,26,0,0,37,16,113
2024,FEBRERO,UNIDAD HOSPITALARIA DE CASTILLA JAIME TOBON ARBELAEZ,ANTIOQUIA,MEDELLÍN,0,0,5,2,0,0,4,0,11
2024,FEBRERO,INSTITUTO DEL CORAZON S.A.S,ANTIOQUIA,MEDELLÍN,0,0,2,8,0,0,1,5,16
2024,FEBRERO,CLINICA SAN JUAN DE DIOS LA CEJA,ANTIOQUIA,LA CEJA,0,0,8,4,0,0,3,5,20
2024,FEBRERO,E.S.E. HOSPITAL SAN RAFAEL DE ITAGUI,ANTIOQUIA,ITAGUI,0,0,4,5,0,0,0,4,13
2024,FEBRERO,CORPORACION PARA ESTUDIOS EN SALUD CLINICA CES,ANTIOQUIA,MEDELLÍN,0,0,34,15,0,0,30,25,104
2024,FEBRERO,CLINICA ANTIOQUIA - SEDE NORTE,ANTIOQUIA,BELLO,0,0,4,2,0,0,2,3,11
2024,FEBRERO,FUNDACION HOSPITAL SAN VICENTE DE PAUL RIONEGRO,ANTIOQUIA,RIONEGRO,0,0,34,21,0,0,39,19,113
2024,FEBRERO,CLINICA ANTIOQUIA S.A.,ANTIOQUIA,ITAGUI,0,0,12,12,0,0,22,15,61
2024,FEBRERO,E.S.E. HOSPITAL LA MARIA,ANTIOQUIA,MEDELLÍN,0,0,18,14,0,0,35,24,91
2024,FEBRERO,LABORATORIO MEDICO ECHAVARRIA S.A.S SEDE TORRE MEDICA SALUD VEGAS,ANTIOQUIA,MEDELLÍN,0,0,1,0,0,0,0,0,1
2024,MARZO,CLINICA VIDA SEDE HOSPITALARIA,ANTIOQUIA,MEDELLÍN,0,0,65,38,0,0,46,41,190
2024,MARZO,E.S.E HOSPITAL SAN JUAN DE DIOS ANTIOQUIA,ANTIOQUIA,SANTAFÉ DE ANTIOQUIA,0,0,8,2,0,0,3,3,16
2024,MARZO,EMPRESA SOCIAL DEL ESTADO HOSPITAL SAN JUAN DE DIOS YARUMAL,ANTIOQUIA,YARUMAL,0,0,15,10,0,1,7,1,34
2024,MARZO,UNIDAD HOSPITALARIA DE CASTILLA JAIME TOBON ARBELAEZ,ANTIOQUIA,MEDELLÍN,0,0,2,4,0,0,5,1,12
2024,MARZO,UNIDAD HOSPITALARIA DE BELEN HECTOR ABAD GOMEZ,ANTIOQUIA,MEDELLÍN,0,0,1,0,0,0,3,0,4
2024,MARZO,ESE HOSPITAL CESAR URIBE PIEDRAHITA,ANTIOQUIA,CAUCASIA,0,1,10,3,0,1,4,1,20
2024,MARZO,CLINICA CARDIO VID,ANTIOQUIA,MEDELLÍN,11,7,19,15,6,1,23,23,105
2024,MARZO,CLINICA UNIVERSITARIA BOLIVARIANA,ANTIOQUIA,MEDELLÍN,11,0,27,7,9,0,7,3,64
2024,MARZO,CORPORACION PARA ESTUDIOS EN SALUD CLINICA CES,ANTIOQUIA,MEDELLÍN,0,0,25,18,0,0,22,23,88
2024,MARZO,SYNLAB SEDE INTERQUIROFANOS,ANTIOQUIA,MEDELLÍN,0,4,0,0,0,0,1,0,5
2024,MARZO,IPS SAN MARCOS DE LEON NORTE S.A.S,ANTIOQUIA,MEDELLÍN,0,0,8,12,0,0,8,18,46
2024,MARZO,CLINICA PAJONAL LIMITADA,ANTIOQUIA,CAUCASIA,0,1,9,2,0,1,4,1,18
2024,MARZO,UNIDAD HOSPITALARIA SANTA CRUZ VICTOR CARDENAS JARAMILLO,ANTIOQUIA,MEDELLÍN,0,0,0,0,0,0,1,2,3
2024,MARZO,LABORATORIO MEDICO DE REFERENCIA,ANTIOQUIA,MEDELLÍN,0,0,6,14,0,0,13,12,45
2024,MARZO,E.S.E HOSPITAL LA MERCED DE CIUDAD BOLIVAR,ANTIOQUIA,CIUDAD BOLÍVAR,0,0,6,2,0,0,1,0,9
2024,MARZO,E.S.E. HOSPITAL SAN RAFAEL DE ITAGUI,ANTIOQUIA,ITAGUI,0,0,2,7,0,0,3,4,16
2024,MARZO,LABORATORIO MEDICO LAS AMERICAS SEDE SUR,ANTIOQUIA,ENVIGADO,0,0,9,31,0,0,9,28,77
2024,MARZO,CLINICA SAN JUAN DE DIOS LA CEJA,ANTIOQUIA,LA CEJA,0,0,1,6,0,0,2,3,12
2024,MARZO,INSTITUTO DEL CORAZON S.A.S,ANTIOQUIA,MEDELLÍN,0,0,7,15,0,0,6,4,32
2024,MARZO,CLINICA MEDELLIN SEDE OCCIDENTE,ANTIOQUIA,MEDELLÍN,0,0,26,34,0,0,35,37,132
2024,MARZO,CLINICA DE CIRUGIA AMBULATORIA CONQUISTADORES,ANTIOQUIA,MEDELLÍN,0,0,1,0,0,0,0,0,1
2024,MARZO,PROMOTORA CLINICA ZONA FRANCA DE URABA,ANTIOQUIA,APARTADÓ,5,0,43,19,7,1,76,27,178
2024,MARZO,PROMOTORA MEDICA LAS AMERICAS S.A,ANTIOQUIA,MEDELLÍN,1,3,124,74,3,1,103,67,376
2024,MARZO,FUNDACION HOSPITALARIA SAN VICENTE DE PAUL,ANTIOQUIA,MEDELLÍN,19,19,68,30,28,29,92,38,323
2024,MARZO,UNLAB SOMA sede Chigorodó,ANTIOQUIA,CHIGORODÓ,3,0,3,0,5,0,0,0,11
2024,MARZO,INVERSIONES MEDICAS DE ANTIOQUIA S.A. CLINICA LAS VEGAS,ANTIOQUIA,MEDELLÍN,0,0,19,46,0,0,28,34,127
2024,MARZO,SYNLAB SEDE EL TESORO,ANTIOQUIA,MEDELLÍN,0,0,12,0,0,0,1,0,13
2024,MARZO,UNIDAD HOSPITALARIA NUEVO OCCIDENTE,ANTIOQUIA,MEDELLÍN,0,0,1,1,0,0,2,1,5
2024,MARZO,CLINICA DE LA POLICIA REGIONAL VALLE DE ABURRA,ANTIOQUIA,ENVIGADO,0,0,2,1,0,0,1,1,5
2024,MARZO,EMPRESA SOCIAL DEL ESTADO HOSPITAL SAN RAFAEL DE YOLOMBO,ANTIOQUIA,YOLOMBÓ,0,1,5,3,0,1,1,4,15
2024,MARZO,CLINICA CENTRAL FUNDADORES APARTADO,ANTIOQUIA,APARTADÓ,0,0,9,6,0,0,4,2,21
2024,MARZO,CEDIMED POBLADO,ANTIOQUIA,MEDELLÍN,0,0,3,0,0,0,0,1,4
2024,MARZO,HOSPITAL GENERAL DE MEDELLIN LUZ CASTRO DE GUTIERREZ E.S.E,ANTIOQUIA,MEDELLÍN,6,0,53,24,17,4,53,29,186
2024,MARZO,HOSPITAL PABLO TOBON URIBE,ANTIOQUIA,MEDELLÍN,2,16,65,38,7,24,89,58,299
2024,MARZO,MESSER COLOMBIA S.A. AGENCIA REMEO CENTER MEDELLIN,ANTIOQUIA,MEDELLÍN,0,0,0,1,0,0,0,0,1
2024,MARZO,HOSPITAL MANUEL URIBE ANGEL E.S.E,ANTIOQUIA,ENVIGADO,9,0,52,40,9,0,42,55,207
2024,MARZO,HOSPITAL SAN JUAN DE DIOS E.S.E RIONEGRO - ANTIOQUIA,ANTIOQUIA,RIONEGRO,0,0,15,8,0,0,9,8,40
2024,MARZO,SYNLAB SEDE CIUDAD DEL RIO,ANTIOQUIA,MEDELLÍN,9,0,63,8,8,0,2,2,92
2024,MARZO,FUNDACION INSTITUTO NEUROLOGICO DE COLOMBIA,ANTIOQUIA,MEDELLÍN,0,0,7,2,0,0,3,1,13
2024,MARZO,IPS UNIVERSITARIA SEDE CLINICA LEON XIII,ANTIOQUIA,MEDELLÍN,0,0,69,44,0,0,73,62,248
2024,MARZO,CLINICA ANTIOQUIA - SEDE NORTE,ANTIOQUIA,BELLO,0,0,2,2,0,0,1,1,6
2024,MARZO,CLINICA ANTIOQUIA S.A.,ANTIOQUIA,ITAGUI,0,0,10,6,0,0,13,11,40
2024,MARZO,ESPECIALIDADES MEDICAS METROPOLITANAS S.A.S.,ANTIOQUIA,BELLO,0,0,3,2,0,0,3,9,17
2024,MARZO,FUNDACION HOSPITAL SAN VICENTE DE PAUL RIONEGRO,ANTIOQUIA,RIONEGRO,0,1,32,19,0,1,42,15,110
2024,MARZO,EMPRESA SOCIAL DEL ESTADO HOSPITAL MARCO FIDEL SUAREZ,ANTIOQUIA,BELLO,1,2,43,21,0,0,27,36,130
2024,MARZO,SOCIEDAD MEDICA RIONEGRO S.A. SOMER S.A,ANTIOQUIA,RIONEGRO,17,8,65,29,17,13,53,40,242
2024,MARZO,E.S.E HOSPITAL SAN VICENTE DE PAUL DE CALDAS,ANTIOQUIA,CALDAS,0,0,4,3,0,0,5,2,14
2024,MARZO,FUNDACION CLINICA DEL NORTE,ANTIOQUIA,BELLO,0,0,12,19,0,0,21,8,60
2024,MARZO,CLINICA CENTRAL FUNDADORES,ANTIOQUIA,MEDELLÍN,0,0,11,10,0,0,9,15,45
2024,MARZO,E.S.E. HOSPITAL LA MARIA,ANTIOQUIA,MEDELLÍN,0,0,13,22,0,0,26,15,76
2024,MARZO,CLINICA GENEZEN S.A.S SEDE PUERTO BERRIO,ANTIOQUIA,PUERTO BERRÍO,0,1,4,1,0,0,2,1,9
2024,MARZO,LABORATORIO MEDICO DE REFERENCIA SEDE EL TESORO,ANTIOQUIA,MEDELLÍN,2,0,9,13,4,5,9,13,55
2024,MARZO,CORPORACION HOSPITAL INFANTIL CONCEJO DE MEDELLIN,ANTIOQUIA,MEDELLÍN,0,0,0,0,0,1,0,0,1
2024,MARZO,EMPRESA SOCIAL DEL ESTADO HOSPITAL FRANCISCO VALDERRAMA,ANTIOQUIA,TURBO,0,2,16,2,2,0,1,1,24
2024,MARZO,CENTRO ONCOLOGICO DE ANTIOQUIA S.A.,ANTIOQUIA,ENVIGADO,0,0,33,17,0,0,31,27,108
2024,MARZO,UNIDAD HOSPITALARIA DE MANRRIQUE HERMENEGILDO DE FEX,ANTIOQUIA,MEDELLÍN,0,0,6,2,0,0,0,0,8
2024,ABRIL,CLINICA MEDELLIN SEDE OCCIDENTE,ANTIOQUIA,MEDELLÍN,0,0,25,39,0,0,37,30,131
2024,ABRIL,E.S.E. HOSPITAL LA MARIA,ANTIOQUIA,MEDELLÍN,0,0,21,22,0,0,32,20,95
2024,ABRIL,CLINICA DE LA POLICIA REGIONAL VALLE DE ABURRA,ANTIOQUIA,ENVIGADO,0,0,1,3,0,0,4,4,12
2024,ABRIL,EMPRESA SOCIAL DEL ESTADO HOSPITAL FRANCISCO VALDERRAMA,ANTIOQUIA,TURBO,0,0,11,1,0,0,1,1,14
2024,ABRIL,CLINICA PAJONAL LIMITADA,ANTIOQUIA,CAUCASIA,0,1,18,8,0,0,2,1,30
2024,ABRIL,CLINICA CENTRAL FUNDADORES,ANTIOQUIA,MEDELLÍN,0,0,15,25,0,0,14,16,70
2024,ABRIL,LABORATORIO MEDICO ECHAVARRIA S.A.S SEDE TORRE MEDICA SALUD VEGAS,ANTIOQUIA,MEDELLÍN,0,0,1,0,0,0,0,0,1
2024,ABRIL,LABORATORIO TEST,ANTIOQUIA,MEDELLÍN,0,1,36,8,3,0,11,12,71
2024,ABRIL,MESSER COLOMBIA S.A. AGENCIA REMEO CENTER MEDELLIN,ANTIOQUIA,MEDELLÍN,0,0,1,0,0,0,0,0,1
2024,ABRIL,CLINICA VIDA SEDE HOSPITALARIA,ANTIOQUIA,MEDELLÍN,0,0,62,40,0,0,50,41,193
2024,ABRIL,CORPORACION PARA ESTUDIOS EN SALUD CLINICA CES,ANTIOQUIA,MEDELLÍN,0,0,25,28,0,0,25,14,92
2024,ABRIL,LABORATORIO MEDICO DE REFERENCIA,ANTIOQUIA,MEDELLÍN,0,0,7,17,0,0,11,15,50
2024,ABRIL,INSTITUTO DEL CORAZON S.A.S,ANTIOQUIA,MEDELLÍN,0,0,6,9,0,0,1,3,19
2024,ABRIL,ESE HOSPITAL CESAR URIBE PIEDRAHITA,ANTIOQUIA,CAUCASIA,0,1,10,4,0,0,4,5,24
2024,ABRIL,EMPRESA SOCIAL DEL ESTADO HOSPITAL SAN RAFAEL DE YOLOMBO,ANTIOQUIA,YOLOMBÓ,0,0,12,0,0,0,2,3,17
2024,ABRIL,EMPRESA SOCIAL DEL ESTADO HOSPITAL SAN JUAN DE DIOS YARUMAL,ANTIOQUIA,YARUMAL,0,0,9,5,0,1,16,4,35
2024,ABRIL,NUEVA CLINICA SAGRADO CORAZON S.A.S,ANTIOQUIA,MEDELLÍN,0,0,41,19,0,0,34,23,117
2024,ABRIL,LABORATORIO MEDICO LAS AMERICAS SEDE SUR,ANTIOQUIA,ENVIGADO,0,0,11,14,0,1,13,12,51
2024,ABRIL,E.S.E HOSPITAL SAN JUAN DE DIOS ANTIOQUIA,ANTIOQUIA,SANTAFÉ DE ANTIOQUIA,0,0,17,3,0,1,5,0,26
2024,ABRIL,PROMOTORA MEDICA LAS AMERICAS S.A,ANTIOQUIA,MEDELLÍN,0,2,134,96,4,1,94,76,407
2024,ABRIL,UNIDAD HOSPITALARIA NUEVO OCCIDENTE,ANTIOQUIA,MEDELLÍN,0,0,4,4,0,0,5,9,22
2024,ABRIL,E.S.E HOSPITAL LA MERCED DE CIUDAD BOLIVAR,ANTIOQUIA,CIUDAD BOLÍVAR,0,0,5,2,0,0,1,0,8
2024,ABRIL,INVERSIONES MEDICAS DE ANTIOQUIA S.A. CLINICA LAS VEGAS,ANTIOQUIA,MEDELLÍN,0,0,16,63,0,0,29,30,138
2024,ABRIL,UNLAB SOMA sede Chigorodó,ANTIOQUIA,CHIGORODÓ,5,0,2,0,5,0,0,0,12
2024,ABRIL,FUNDACION HOSPITALARIA SAN VICENTE DE PAUL,ANTIOQUIA,MEDELLÍN,11,19,60,63,25,22,92,33,325
2024,ABRIL,EMPRESA SOCIAL DEL ESTADO HOSPITAL MARCO FIDEL SUAREZ,ANTIOQUIA,BELLO,0,2,41,36,0,0,24,32,135
2024,ABRIL,UNIDAD HOSPITALARIA DE CASTILLA JAIME TOBON ARBELAEZ,ANTIOQUIA,MEDELLÍN,0,0,2,6,0,0,0,3,11
2024,ABRIL,UNIDAD HOSPITALARIA DE BELEN HECTOR ABAD GOMEZ,ANTIOQUIA,MEDELLÍN,0,0,4,8,0,0,11,6,29
2024,ABRIL,CLINICA SAN JUAN DE DIOS LA CEJA,ANTIOQUIA,LA CEJA,0,1,4,5,0,0,5,5,20
2024,ABRIL,CEDIMED POBLADO,ANTIOQUIA,MEDELLÍN,0,0,1,0,0,0,2,1,4
2024,ABRIL,SYNLAB SEDE EL TESORO,ANTIOQUIA,MEDELLÍN,0,0,11,0,0,0,0,0,11
2024,ABRIL,CORPORACION HOSPITAL INFANTIL CONCEJO DE MEDELLIN,ANTIOQUIA,MEDELLÍN,0,0,0,0,1,1,0,0,2
2024,ABRIL,HOSPITAL MANUEL URIBE ANGEL E.S.E,ANTIOQUIA,ENVIGADO,6,0,35,45,6,0,50,54,196
2024,ABRIL,CLINICA ANTIOQUIA - SEDE NORTE,ANTIOQUIA,BELLO,0,0,6,2,0,0,2,1,11
2024,ABRIL,CLINICA ANTIOQUIA S.A.,ANTIOQUIA,ITAGUI,0,0,15,13,0,0,16,14,58
2024,ABRIL,ESPECIALIDADES MEDICAS METROPOLITANAS S.A.S.,ANTIOQUIA,BELLO,0,0,4,7,0,0,7,5,23
2024,ABRIL,IPS UNIVERSITARIA SEDE CLINICA LEON XIII,ANTIOQUIA,MEDELLÍN,0,0,53,56,1,0,72,49,231
2024,ABRIL,CLINICA GENEZEN S.A.S SEDE PUERTO BERRIO,ANTIOQUIA,PUERTO BERRÍO,0,0,5,3,0,0,4,3,15
2024,ABRIL,LABORATORIO MEDICO DE REFERENCIA SEDE EL TESORO,ANTIOQUIA,MEDELLÍN,2,1,18,12,4,4,13,9,63
2024,ABRIL,FUNDACION HOSPITAL SAN VICENTE DE PAUL RIONEGRO,ANTIOQUIA,RIONEGRO,0,0,29,22,0,0,43,20,114
2024,ABRIL,HOSPITAL PABLO TOBON URIBE,ANTIOQUIA,MEDELLÍN,2,9,67,54,7,26,84,49,298
2024,ABRIL,UNIDAD HOSPITALARIA SANTA CRUZ VICTOR CARDENAS JARAMILLO,ANTIOQUIA,MEDELLÍN,0,0,7,5,0,0,6,2,20
2024,ABRIL,IPS SAN MARCOS DE LEON NORTE S.A.S,ANTIOQUIA,MEDELLÍN,0,0,10,16,0,0,12,21,59
2024,ABRIL,HOSPITAL GENERAL DE MEDELLIN LUZ CASTRO DE GUTIERREZ E.S.E,ANTIOQUIA,MEDELLÍN,7,3,48,28,12,3,59,33,193
2024,ABRIL,CENTRO ONCOLOGICO DE ANTIOQUIA S.A.,ANTIOQUIA,ENVIGADO,0,0,47,28,0,0,19,33,127
2024,ABRIL,SYNLAB SEDE INTERQUIROFANOS,ANTIOQUIA,MEDELLÍN,0,0,5,0,0,0,0,0,5
2024,ABRIL,HOSPITAL SAN JUAN DE DIOS E.S.E RIONEGRO - ANTIOQUIA,ANTIOQUIA,RIONEGRO,0,0,21,11,0,0,10,12,54
2024,ABRIL,PROMOTORA CLINICA ZONA FRANCA DE URABA,ANTIOQUIA,APARTADÓ,5,2,68,12,4,2,79,11,183
2024,ABRIL,CLINICA CARDIO VID,ANTIOQUIA,MEDELLÍN,11,5,17,20,10,7,32,21,123
2024,ABRIL,SOCIEDAD MEDICA RIONEGRO S.A. SOMER S.A,ANTIOQUIA,RIONEGRO,14,9,55,30,13,8,65,38,232
2024,ABRIL,UNIDAD HOSPITALARIA DE MANRRIQUE HERMENEGILDO DE FEX,ANTIOQUIA,MEDELLÍN,0,3,19,0,0,0,1,0,23
2024,ABRIL,E.S.E HOSPITAL SAN VICENTE DE PAUL DE CALDAS,ANTIOQUIA,CALDAS,0,0,4,2,0,0,0,2,8
2024,ABRIL,CLINICA UNIVERSITARIA BOLIVARIANA,ANTIOQUIA,MEDELLÍN,10,0,26,9,9,0,7,8,69
2024,ABRIL,FUNDACION CLINICA DEL NORTE,ANTIOQUIA,BELLO,0,0,8,14,0,0,19,12,53
2024,ABRIL,E.S.E. HOSPITAL SAN RAFAEL DE ITAGUI,ANTIOQUIA,ITAGUI,0,0,2,4,0,0,4,3,13
2024,MAYO,UNIDAD HOSPITALARIA DE CASTILLA JAIME TOBON ARBELAEZ,ANTIOQUIA,MEDELLÍN,0,0,1,3,0,0,2,1,7
2024,MAYO,LABORATORIO TEST,ANTIOQUIA,MEDELLÍN,1,1,27,15,3,0,5,9,61
2024,MAYO,SYNLAB SEDE EL TESORO,ANTIOQUIA,MEDELLÍN,0,0,4,0,0,0,0,0,4
2024,MAYO,CLINICA GENEZEN S.A.S SEDE PUERTO BERRIO,ANTIOQUIA,PUERTO BERRÍO,0,0,2,0,0,0,0,1,3
2024,MAYO,EMPRESA SOCIAL DEL ESTADO HOSPITAL MARCO FIDEL SUAREZ,ANTIOQUIA,BELLO,0,0,42,40,0,0,32,38,152
2024,MAYO,CLINICA SAN JUAN DE DIOS LA CEJA,ANTIOQUIA,LA CEJA,0,0,2,3,0,0,7,5,17
2024,MAYO,FUNDACION HOSPITALARIA SAN VICENTE DE PAUL,ANTIOQUIA,MEDELLÍN,20,19,67,35,25,20,75,52,313
2024,MAYO,EMPRESA SOCIAL DEL ESTADO HOSPITAL SAN RAFAEL DE YOLOMBO,ANTIOQUIA,YOLOMBÓ,0,1,14,2,1,0,4,2,24
2024,MAYO,CLINICA VIDA SEDE HOSPITALARIA,ANTIOQUIA,MEDELLÍN,0,0,56,41,0,0,52,36,185
2024,MAYO,LABORATORIO MEDICO DE REFERENCIA,ANTIOQUIA,MEDELLÍN,0,0,5,16,0,0,12,14,47
2024,MAYO,HOSPITAL SAN JUAN DE DIOS E.S.E RIONEGRO - ANTIOQUIA,ANTIOQUIA,RIONEGRO,0,0,26,11,0,0,9,14,60
2024,MAYO,ESE HOSPITAL CESAR URIBE PIEDRAHITA,ANTIOQUIA,CAUCASIA,0,0,11,2,0,1,7,4,25
2024,MAYO,PROMOTORA MEDICA LAS AMERICAS S.A,ANTIOQUIA,MEDELLÍN,2,3,130,89,2,0,94,89,409
2024,MAYO,ESPECIALIDADES MEDICAS METROPOLITANAS S.A.S.,ANTIOQUIA,BELLO,0,0,2,8,0,0,3,4,17
2024,MAYO,EMPRESA SOCIAL DEL ESTADO HOSPITAL SAN JUAN DE DIOS YARUMAL,ANTIOQUIA,YARUMAL,0,0,18,4,0,2,8,0,32
2024,MAYO,CLINICA MEDELLIN SEDE OCCIDENTE,ANTIOQUIA,MEDELLÍN,0,0,30,32,0,0,35,51,148
2024,MAYO,IPS SAN MARCOS DE LEON NORTE S.A.S,ANTIOQUIA,MEDELLÍN,0,0,15,14,0,0,9,15,53
2024,MAYO,NUEVA CLINICA SAGRADO CORAZON S.A.S,ANTIOQUIA,MEDELLÍN,0,0,39,13,0,0,28,15,95
2024,MAYO,HOSPITAL GENERAL DE MEDELLIN LUZ CASTRO DE GUTIERREZ E.S.E,ANTIOQUIA,MEDELLÍN,17,2,43,26,8,4,48,23,171
2024,MAYO,CLINICA UNIVERSITARIA BOLIVARIANA,ANTIOQUIA,MEDELLÍN,7,0,25,11,15,1,1,9,69
2024,MAYO,CLINICA CARDIO VID,ANTIOQUIA,MEDELLÍN,8,8,27,19,8,7,38,15,130
2024,MAYO,SYNLAB SEDE INTERQUIROFANOS,ANTIOQUIA,MEDELLÍN,0,0,3,0,0,0,0,0,3
2024,MAYO,FUNDACION HOSPITAL SAN VICENTE DE PAUL RIONEGRO,ANTIOQUIA,RIONEGRO,0,0,21,25,0,0,41,25,112
2024,MAYO,FUNDACION INSTITUTO NEUROLOGICO DE COLOMBIA,ANTIOQUIA,MEDELLÍN,0,0,6,2,0,0,1,3,12
2024,MAYO,CLINICA CENTRAL FUNDADORES,ANTIOQUIA,MEDELLÍN,0,0,18,16,0,0,10,18,62
2024,MAYO,FUNDACION CLINICA DEL NORTE,ANTIOQUIA,BELLO,0,0,7,9,0,0,16,15,47
2024,MAYO,CLINICA PAJONAL LIMITADA,ANTIOQUIA,CAUCASIA,0,1,7,0,0,0,5,3,16
2024,MAYO,CENTRO ONCOLOGICO DE ANTIOQUIA S.A.,ANTIOQUIA,ENVIGADO,0,0,44,30,0,0,21,19,114
2024,MAYO,LABORATORIO MEDICO ECHAVARRIA S.A.S SEDE TORRE MEDICA SALUD VEGAS,ANTIOQUIA,MEDELLÍN,0,0,1,0,0,0,0,0,1
2024,MAYO,EMPRESA SOCIAL DEL ESTADO HOSPITAL FRANCISCO VALDERRAMA,ANTIOQUIA,TURBO,0,1,11,1,0,0,1,2,16
2024,MAYO,E.S.E HOSPITAL SAN JUAN DE DIOS ANTIOQUIA,ANTIOQUIA,SANTAFÉ DE ANTIOQUIA,0,0,13,8,0,0,7,3,31
2024,MAYO,HOSPITAL MANUEL URIBE ANGEL E.S.E,ANTIOQUIA,ENVIGADO,7,1,39,41,5,0,34,29,156
2024,MAYO,PROMOTORA CLINICA ZONA FRANCA DE URABA,ANTIOQUIA,APARTADÓ,3,1,45,23,4,3,55,13,147
2024,MAYO,UNLAB SOMA sede Chigorodó,ANTIOQUIA,CHIGORODÓ,0,0,5,0,0,0,0,0,5
2024,MAYO,CORPORACION HOSPITAL INFANTIL CONCEJO DE MEDELLIN,ANTIOQUIA,MEDELLÍN,1,1,0,0,1,2,0,0,5
2024,MAYO,LABORATORIO MEDICO LAS AMERICAS SEDE SUR,ANTIOQUIA,ENVIGADO,0,0,14,17,0,0,21,10,62
2024,MAYO,SYNLAB SEDE CIUDAD DEL RIO,ANTIOQUIA,MEDELLÍN,12,0,52,1,11,0,1,4,81
2024,MAYO,E.S.E HOSPITAL LA MERCED DE CIUDAD BOLIVAR,ANTIOQUIA,CIUDAD BOLÍVAR,0,0,3,1,0,0,1,2,7
2024,MAYO,CLINICA ANTIOQUIA - SEDE NORTE,ANTIOQUIA,BELLO,0,0,1,2,0,0,1,2,6
2024,MAYO,CLINICA ANTIOQUIA S.A.,ANTIOQUIA,ITAGUI,0,1,11,13,0,0,12,17,54
2024,MAYO,LABORATORIO MEDICO DE REFERENCIA SEDE EL TESORO,ANTIOQUIA,MEDELLÍN,1,0,23,11,2,0,10,11,58
2024,MAYO,CORPORACION PARA ESTUDIOS EN SALUD CLINICA CES,ANTIOQUIA,MEDELLÍN,0,0,24,23,0,0,34,20,101
2024,MAYO,CLINICA CENTRAL FUNDADORES APARTADO,ANTIOQUIA,APARTADÓ,0,1,12,5,0,1,6,2,27
2024,MAYO,INVERSIONES MEDICAS DE ANTIOQUIA S.A. CLINICA LAS VEGAS,ANTIOQUIA,MEDELLÍN,0,0,20,58,0,0,34,32,144
2024,MAYO,SOCIEDAD MEDICA RIONEGRO S.A. SOMER S.A,ANTIOQUIA,RIONEGRO,9,8,53,33,16,2,50,32,203
2024,MAYO,HOSPITAL PABLO TOBON URIBE,ANTIOQUIA,MEDELLÍN,7,14,67,52,3,18,88,70,319
2024,MAYO,UNIDAD HOSPITALARIA DE BELEN HECTOR ABAD GOMEZ,ANTIOQUIA,MEDELLÍN,0,0,7,5,0,0,9,4,25
2024,MAYO,UNIDAD HOSPITALARIA NUEVO OCCIDENTE,ANTIOQUIA,MEDELLÍN,0,0,6,5,0,0,1,2,14
2024,MAYO,IPS UNIVERSITARIA SEDE CLINICA LEON XIII,ANTIOQUIA,MEDELLÍN,0,0,62,43,0,0,88,43,236
2024,MAYO,E.S.E HOSPITAL SAN VICENTE DE PAUL DE CALDAS,ANTIOQUIA,CALDAS,0,0,3,1,0,0,4,3,11
2024,MAYO,CEDIMED POBLADO,ANTIOQUIA,MEDELLÍN,0,0,0,0,0,0,0,1,1
2024,MAYO,UNIDAD HOSPITALARIA SANTA CRUZ VICTOR CARDENAS JARAMILLO,ANTIOQUIA,MEDELLÍN,0,0,3,1,0,0,0,1,5
2024,MAYO,E.S.E. HOSPITAL SAN RAFAEL DE ITAGUI,ANTIOQUIA,ITAGUI,0,0,2,2,0,0,3,0,7
2024,MAYO,CLINICA DE LA POLICIA REGIONAL VALLE DE ABURRA,ANTIOQUIA,ENVIGADO,0,0,3,2,0,0,2,5,12
2024,MAYO,UNIDAD HOSPITALARIA DE MANRRIQUE HERMENEGILDO DE FEX,ANTIOQUIA,MEDELLÍN,0,0,15,2,0,0,1,1,19
2024,JUNIO,CLINICA PAJONAL LIMITADA,ANTIOQUIA,CAUCASIA,0,1,12,2,0,1,4,3,23
2024,JUNIO,CLINICA CENTRAL FUNDADORES,ANTIOQUIA,MEDELLÍN,0,0,19,30,0,0,13,17,79
2024,JUNIO,FUNDACION CLINICA DEL NORTE,ANTIOQUIA,BELLO,0,0,10,10,0,0,10,14,44
2024,JUNIO,LABORATORIO TEST,ANTIOQUIA,MEDELLÍN,3,0,36,12,2,1,13,8,75
2024,JUNIO,E.S.E HOSPITAL LA MERCED DE CIUDAD BOLIVAR,ANTIOQUIA,CIUDAD BOLÍVAR,0,0,3,1,0,0,2,3,9
2024,JUNIO,UNIDAD HOSPITALARIA DE BELEN HECTOR ABAD GOMEZ,ANTIOQUIA,MEDELLÍN,0,0,3,12,0,0,7,4,26
2024,JUNIO,CLINICA SAN JUAN DE DIOS LA CEJA,ANTIOQUIA,LA CEJA,0,0,7,3,0,0,5,3,18
2024,JUNIO,UNIDAD HOSPITALARIA DE CASTILLA JAIME TOBON ARBELAEZ,ANTIOQUIA,MEDELLÍN,0,0,1,2,0,0,3,2,8
2024,JUNIO,CLINICA DE CIRUGIA AMBULATORIA CONQUISTADORES,ANTIOQUIA,MEDELLÍN,0,0,0,0,0,0,0,0,0
2024,JUNIO,ESE HOSPITAL CESAR URIBE PIEDRAHITA,ANTIOQUIA,CAUCASIA,0,0,16,4,0,1,8,5,34
2024,JUNIO,UNIDAD HOSPITALARIA NUEVO OCCIDENTE,ANTIOQUIA,MEDELLÍN,0,1,2,3,0,0,6,5,17
2024,JUNIO,CLINICA VIDA SEDE HOSPITALARIA,ANTIOQUIA,MEDELLÍN,0,0,70,33,0,0,34,29,166
2024,JUNIO,IPS SAN MARCOS DE LEON NORTE S.A.S,ANTIOQUIA,MEDELLÍN,0,0,11,16,0,0,5,12,44
2024,JUNIO,CLINICA MEDELLIN SEDE OCCIDENTE,ANTIOQUIA,MEDELLÍN,0,0,20,35,0,0,28,39,122
2024,JUNIO,PROMOTORA MEDICA LAS AMERICAS S.A,ANTIOQUIA,MEDELLÍN,2,4,119,86,3,3,101,87,405
2024,JUNIO,NUEVA CLINICA SAGRADO CORAZON S.A.S,ANTIOQUIA,MEDELLÍN,0,0,33,18,0,0,37,16,104
2024,JUNIO,SYNLAB SEDE EL TESORO,ANTIOQUIA,MEDELLÍN,0,0,5,0,0,0,0,0,5
2024,JUNIO,SYNLAB SEDE INTERQUIROFANOS,ANTIOQUIA,MEDELLÍN,0,4,0,0,0,0,1,0,5
2024,JUNIO,FUNDACION HOSPITALARIA SAN VICENTE DE PAUL,ANTIOQUIA,MEDELLÍN,20,18,55,48,20,21,81,36,299
2024,JUNIO,CLINICA UNIVERSITARIA BOLIVARIANA,ANTIOQUIA,MEDELLÍN,9,0,25,8,13,0,7,11,73
2024,JUNIO,ESPECIALIDADES MEDICAS METROPOLITANAS S.A.S.,ANTIOQUIA,BELLO,0,0,4,4,0,0,6,9,23
2024,JUNIO,HOSPITAL GENERAL DE MEDELLIN LUZ CASTRO DE GUTIERREZ E.S.E,ANTIOQUIA,MEDELLÍN,10,2,35,32,13,1,41,30,164
2024,JUNIO,HOSPITAL MANUEL URIBE ANGEL E.S.E,ANTIOQUIA,ENVIGADO,5,0,35,31,9,0,30,26,136
2024,JUNIO,EMPRESA SOCIAL DEL ESTADO HOSPITAL MARCO FIDEL SUAREZ,ANTIOQUIA,BELLO,0,0,44,31,1,0,47,30,153
2024,JUNIO,FUNDACION INSTITUTO NEUROLOGICO DE COLOMBIA,ANTIOQUIA,MEDELLÍN,0,0,9,3,0,0,2,0,14
2024,JUNIO,ANGIOSUR S.A.S.,ANTIOQUIA,ITAGUI,0,0,1,2,0,0,0,1,4
2024,JUNIO,FUNDACION HOSPITAL SAN VICENTE DE PAUL RIONEGRO,ANTIOQUIA,RIONEGRO,1,0,29,16,0,0,35,26,107
2024,JUNIO,CORPORACION PARA ESTUDIOS EN SALUD CLINICA CES,ANTIOQUIA,MEDELLÍN,0,0,23,25,0,0,27,18,93
2024,JUNIO,SYNLAB SEDE CIUDAD DEL RIO,ANTIOQUIA,MEDELLÍN,12,0,41,0,9,0,3,2,67
2024,JUNIO,CENTRO ONCOLOGICO DE ANTIOQUIA S.A.,ANTIOQUIA,ENVIGADO,0,0,37,21,0,0,19,16,93
2024,JUNIO,UNLAB SOMA sede Chigorodó,ANTIOQUIA,CHIGORODÓ,3,2,9,0,0,0,0,0,14
2024,JUNIO,EMPRESA SOCIAL DEL ESTADO HOSPITAL SAN JUAN DE DIOS YARUMAL,ANTIOQUIA,YARUMAL,0,1,10,6,0,1,13,3,34
2024,JUNIO,UNIDAD HOSPITALARIA SANTA CRUZ VICTOR CARDENAS JARAMILLO,ANTIOQUIA,MEDELLÍN,0,0,1,2,0,0,2,2,7
2024,JUNIO,CLINICA GENEZEN S.A.S SEDE PUERTO BERRIO,ANTIOQUIA,PUERTO BERRÍO,0,0,2,1,0,0,1,2,6
2024,JUNIO,LABORATORIO MEDICO DE REFERENCIA,ANTIOQUIA,MEDELLÍN,0,0,5,17,0,0,7,10,39
2024,JUNIO,EMPRESA SOCIAL DEL ESTADO HOSPITAL FRANCISCO VALDERRAMA,ANTIOQUIA,TURBO,0,0,7,1,0,1,4,1,14
2024,JUNIO,E.S.E. HOSPITAL SAN RAFAEL DE ITAGUI,ANTIOQUIA,ITAGUI,0,0,0,3,0,0,4,0,7
2024,JUNIO,LABORATORIO MEDICO DE REFERENCIA SEDE EL TESORO,ANTIOQUIA,MEDELLÍN,3,12,3,9,7,15,1,10,60
2024,JUNIO,HOSPITAL PABLO TOBON URIBE,ANTIOQUIA,MEDELLÍN,7,11,63,42,8,24,88,53,296
2024,JUNIO,PROMOTORA CLINICA ZONA FRANCA DE URABA,ANTIOQUIA,APARTADÓ,2,1,44,17,3,4,63,19,153
2024,JUNIO,CLINICA CARDIO VID,ANTIOQUIA,MEDELLÍN,7,3,26,18,5,2,28,18,107
2024,JUNIO,EMPRESA SOCIAL DEL ESTADO HOSPITAL SAN RAFAEL DE YOLOMBO,ANTIOQUIA,YOLOMBÓ,0,1,5,0,0,0,0,1,7
2024,JUNIO,CEDIMED POBLADO,ANTIOQUIA,MEDELLÍN,0,0,2,1,0,0,1,2,6
2024,JUNIO,IPS UNIVERSITARIA SEDE CLINICA LEON XIII,ANTIOQUIA,MEDELLÍN,0,0,62,63,0,2,74,41,242
2024,JUNIO,E.S.E HOSPITAL SAN JUAN DE DIOS ANTIOQUIA,ANTIOQUIA,SANTAFÉ DE ANTIOQUIA,0,1,6,4,0,0,7,2,20
2024,JUNIO,CLINICA ANTIOQUIA S.A.,ANTIOQUIA,ITAGUI,0,0,17,17,1,0,11,11,57
2024,JUNIO,CLINICA ANTIOQUIA - SEDE NORTE,ANTIOQUIA,BELLO,0,0,3,1,0,0,1,1,6
2024,JUNIO,INSTITUTO DEL CORAZON S.A.S,ANTIOQUIA,MEDELLÍN,0,0,7,6,0,0,0,2,15
2024,JUNIO,CLINICA DE LA POLICIA REGIONAL VALLE DE ABURRA,ANTIOQUIA,ENVIGADO,0,0,8,2,0,0,1,1,12
2024,JUNIO,E.S.E HOSPITAL SAN VICENTE DE PAUL DE CALDAS,ANTIOQUIA,CALDAS,0,0,5,0,0,0,5,3,13
2024,JUNIO,SOCIEDAD MEDICA RIONEGRO S.A. SOMER S.A,ANTIOQUIA,RIONEGRO,12,8,44,27,14,7,52,39,203
2024,JUNIO,LABORATORIO MEDICO LAS AMERICAS SEDE SUR,ANTIOQUIA,ENVIGADO,0,0,8,12,0,0,15,9,44
2024,JUNIO,UNIDAD HOSPITALARIA DE MANRRIQUE HERMENEGILDO DE FEX,ANTIOQUIA,MEDELLÍN,0,0,12,1,0,0,5,3,21
2024,JUNIO,INVERSIONES MEDICAS DE ANTIOQUIA S.A. CLINICA LAS VEGAS,ANTIOQUIA,MEDELLÍN,0,0,23,64,0,0,41,35,163
2024,JUNIO,HOSPITAL SAN JUAN DE DIOS E.S.E RIONEGRO - ANTIOQUIA,ANTIOQUIA,RIONEGRO,0,0,22,14,0,0,9,8,53
2024,JULIO,CLINICA SAN JUAN DE DIOS LA CEJA,ANTIOQUIA,LA CEJA,0,0,6,2,0,0,2,6,16
2024,JULIO,LABORATORIO TEST,ANTIOQUIA,MEDELLÍN,2,0,30,9,1,0,7,5,54
2024,JULIO,CLINICA MEDELLIN SEDE OCCIDENTE,ANTIOQUIA,MEDELLÍN,0,0,32,43,0,0,35,32,142
2024,JULIO,EMPRESA SOCIAL DEL ESTADO HOSPITAL FRANCISCO VALDERRAMA,ANTIOQUIA,TURBO,0,0,9,2,0,0,5,1,17
2024,JULIO,CLINICA VIDA SEDE HOSPITALARIA,ANTIOQUIA,MEDELLÍN,0,0,71,41,0,0,49,36,197
2024,JULIO,CLINICA CARDIO VID,ANTIOQUIA,MEDELLÍN,3,6,34,27,8,3,37,22,140
2024,JULIO,ESE HOSPITAL CESAR URIBE PIEDRAHITA,ANTIOQUIA,CAUCASIA,0,0,13,5,0,0,2,6,26
2024,JULIO,FUNDACION INSTITUTO NEUROLOGICO DE COLOMBIA,ANTIOQUIA,MEDELLÍN,0,0,5,3,0,0,0,3,11
2024,JULIO,NUEVA CLINICA SAGRADO CORAZON S.A.S,ANTIOQUIA,MEDELLÍN,0,0,41,9,0,0,49,23,122
2024,JULIO,FUNDACION HOSPITAL SAN VICENTE DE PAUL RIONEGRO,ANTIOQUIA,RIONEGRO,1,0,36,28,0,1,54,23,143
2024,JULIO,CLINICA UNIVERSITARIA BOLIVARIANA,ANTIOQUIA,MEDELLÍN,14,0,31,15,11,0,6,7,84
2024,JULIO,E.S.E HOSPITAL SAN JUAN DE DIOS ANTIOQUIA,ANTIOQUIA,SANTAFÉ DE ANTIOQUIA,0,0,12,5,0,0,5,3,25
2024,JULIO,PROMOTORA MEDICA LAS AMERICAS S.A,ANTIOQUIA,MEDELLÍN,0,4,122,92,0,4,83,78,383
2024,JULIO,SYNLAB SEDE EL TESORO,ANTIOQUIA,MEDELLÍN,0,0,2,0,0,0,1,0,3
2024,JULIO,INVERSIONES MEDICAS DE ANTIOQUIA S.A. CLINICA LAS VEGAS,ANTIOQUIA,MEDELLÍN,0,0,30,51,0,0,32,31,144
2024,JULIO,ANGIOSUR S.A.S.,ANTIOQUIA,ITAGUI,0,0,0,1,0,0,1,0,2
2024,JULIO,UNIDAD HOSPITALARIA DE BELEN HECTOR ABAD GOMEZ,ANTIOQUIA,MEDELLÍN,0,0,1,3,0,0,2,4,10
2024,JULIO,FUNDACION HOSPITALARIA SAN VICENTE DE PAUL,ANTIOQUIA,MEDELLÍN,18,24,66,38,18,23,94,34,315
2024,JULIO,EMPRESA SOCIAL DEL ESTADO HOSPITAL MARCO FIDEL SUAREZ,ANTIOQUIA,BELLO,0,0,70,31,1,0,27,35,164
2024,JULIO,CLINICA GENEZEN S.A.S SEDE PUERTO BERRIO,ANTIOQUIA,PUERTO BERRÍO,0,0,7,1,0,0,1,2,11
2024,JULIO,HOSPITAL GENERAL DE MEDELLIN LUZ CASTRO DE GUTIERREZ E.S.E,ANTIOQUIA,MEDELLÍN,6,1,61,31,21,4,47,32,203
2024,JULIO,IPS SAN MARCOS DE LEON NORTE S.A.S,ANTIOQUIA,MEDELLÍN,0,0,8,15,0,0,8,20,51
2024,JULIO,CLINICA CENTRAL FUNDADORES APARTADO,ANTIOQUIA,APARTADÓ,0,1,11,6,0,2,6,2,28
2024,JULIO,UNIDAD HOSPITALARIA DE CASTILLA JAIME TOBON ARBELAEZ,ANTIOQUIA,MEDELLÍN,0,0,1,0,0,0,5,1,7
2024,JULIO,SYNLAB SEDE INTERQUIROFANOS,ANTIOQUIA,MEDELLÍN,0,0,5,0,0,0,0,1,6
2024,JULIO,LABORATORIO MEDICO DE REFERENCIA SEDE EL TESORO,ANTIOQUIA,MEDELLÍN,3,1,14,10,6,1,16,19,70
2024,JULIO,LABORATORIO MEDICO DE REFERENCIA,ANTIOQUIA,MEDELLÍN,0,0,6,22,0,1,11,15,55
2024,JULIO,INSTITUTO DEL CORAZON S.A.S,ANTIOQUIA,MEDELLÍN,0,0,7,4,0,0,4,5,20
2024,JULIO,UNIDAD HOSPITALARIA NUEVO OCCIDENTE,ANTIOQUIA,MEDELLÍN,0,0,5,3,0,0,7,3,18
2024,JULIO,EMPRESA SOCIAL DEL ESTADO HOSPITAL SAN RAFAEL DE YOLOMBO,ANTIOQUIA,YOLOMBÓ,0,0,15,5,1,2,1,4,28
2024,JULIO,CORPORACION PARA ESTUDIOS EN SALUD CLINICA CES,ANTIOQUIA,MEDELLÍN,0,0,24,26,0,0,24,17,91
2024,JULIO,HOSPITAL MANUEL URIBE ANGEL E.S.E,ANTIOQUIA,ENVIGADO,6,1,45,38,2,1,36,40,169
2024,JULIO,E.S.E. HOSPITAL SAN RAFAEL DE ITAGUI,ANTIOQUIA,ITAGUI,0,0,1,6,0,0,1,1,9
2024,JULIO,HOSPITAL SAN JUAN DE DIOS E.S.E RIONEGRO - ANTIOQUIA,ANTIOQUIA,RIONEGRO,0,0,17,14,0,0,8,10,49
2024,JULIO,MESSER COLOMBIA S.A. AGENCIA REMEO CENTER MEDELLIN,ANTIOQUIA,MEDELLÍN,0,0,0,1,0,0,0,1,2
2024,JULIO,CLINICA ANTIOQUIA S.A.,ANTIOQUIA,ITAGUI,0,0,18,19,0,0,12,16,65
2024,JULIO,CLINICA ANTIOQUIA - SEDE NORTE,ANTIOQUIA,BELLO,0,0,4,7,0,0,4,2,17
2024,JULIO,UNLAB SOMA sede Chigorodó,ANTIOQUIA,CHIGORODÓ,2,0,4,0,0,0,0,0,6
2024,JULIO,HOSPITAL PABLO TOBON URIBE,ANTIOQUIA,MEDELLÍN,5,14,77,35,11,20,114,50,326
2024,JULIO,ESPECIALIDADES MEDICAS METROPOLITANAS S.A.S.,ANTIOQUIA,BELLO,0,0,5,5,0,0,2,11,23
2024,JULIO,EMPRESA SOCIAL DEL ESTADO HOSPITAL SAN JUAN DE DIOS YARUMAL,ANTIOQUIA,YARUMAL,0,2,10,2,0,0,13,1,28
2024,JULIO,UNIDAD HOSPITALARIA DE MANRRIQUE HERMENEGILDO DE FEX,ANTIOQUIA,MEDELLÍN,0,0,9,0,0,0,0,2,11
2024,JULIO,SYNLAB SEDE CIUDAD DEL RIO,ANTIOQUIA,MEDELLÍN,13,0,50,1,10,0,1,3,78
2024,JULIO,PROMOTORA CLINICA ZONA FRANCA DE URABA,ANTIOQUIA,APARTADÓ,2,0,80,11,5,5,105,23,231
2024,JULIO,SOCIEDAD MEDICA RIONEGRO S.A. SOMER S.A,ANTIOQUIA,RIONEGRO,13,5,65,32,15,7,65,43,245
2024,JULIO,UNIDAD HOSPITALARIA SANTA CRUZ VICTOR CARDENAS JARAMILLO,ANTIOQUIA,MEDELLÍN,0,0,1,1,0,0,4,4,10
2024,JULIO,IPS UNIVERSITARIA SEDE CLINICA LEON XIII,ANTIOQUIA,MEDELLÍN,0,0,62,49,0,0,75,43,229
2024,JULIO,E.S.E. HOSPITAL LA MARIA,ANTIOQUIA,MEDELLÍN,0,0,15,21,0,0,22,21,79
2024,JULIO,E.S.E HOSPITAL SAN VICENTE DE PAUL DE CALDAS,ANTIOQUIA,CALDAS,0,0,8,1,0,0,2,1,12
2024,JULIO,LABORATORIO MEDICO LAS AMERICAS SEDE SUR,ANTIOQUIA,ENVIGADO,0,0,18,21,0,0,17,12,68
2024,JULIO,E.S.E HOSPITAL LA MERCED DE CIUDAD BOLIVAR,ANTIOQUIA,CIUDAD BOLÍVAR,0,0,3,1,0,0,1,3,8
2024,JULIO,CENTRO ONCOLOGICO DE ANTIOQUIA S.A.,ANTIOQUIA,ENVIGADO,0,0,37,31,0,0,18,26,112
2024,JULIO,CEDIMED POBLADO,ANTIOQUIA,MEDELLÍN,0,0,3,1,0,0,1,0,5
2024,JULIO,CLINICA DE LA POLICIA REGIONAL VALLE DE ABURRA,ANTIOQUIA,ENVIGADO,0,0,5,4,0,0,3,3,15
2024,JULIO,CLINICA CENTRAL FUNDADORES,ANTIOQUIA,MEDELLÍN,0,0,14,11,0,0,18,8,51
2024,JULIO,FUNDACION CLINICA DEL NORTE,ANTIOQUIA,BELLO,0,0,2,23,0,0,16,20,61
2024,JULIO,CLINICA PAJONAL LIMITADA,ANTIOQUIA,CAUCASIA,0,0,5,3,0,1,7,2,18
2024,AGOSTO,UNIDAD HOSPITALARIA DE MANRRIQUE HERMENEGILDO DE FEX,ANTIOQUIA,MEDELLÍN,0,0,15,0,0,0,0,0,15
2024,AGOSTO,EMPRESA SOCIAL DEL ESTADO HOSPITAL SAN RAFAEL DE YOLOMBO,ANTIOQUIA,YOLOMBÓ,0,2,16,7,0,0,4,3,32
2024,AGOSTO,CLINICA CENTRAL FUNDADORES APARTADO,ANTIOQUIA,APARTADÓ,0,1,8,3,0,0,4,1,17
2024,AGOSTO,CLINICA PAJONAL LIMITADA,ANTIOQUIA,CAUCASIA,0,0,7,3,0,1,3,8,22
2024,AGOSTO,FUNDACION CLINICA DEL NORTE,ANTIOQUIA,BELLO,0,0,6,24,0,0,18,14,62
2024,AGOSTO,E.S.E HOSPITAL SAN VICENTE DE PAUL DE CALDAS,ANTIOQUIA,CALDAS,0,0,4,2,0,0,5,3,14
2024,AGOSTO,SOCIEDAD MEDICA RIONEGRO S.A. SOMER S.A,ANTIOQUIA,RIONEGRO,12,2,47,30,21,10,55,27,204
2024,AGOSTO,CENTRO ONCOLOGICO DE ANTIOQUIA S.A.,ANTIOQUIA,ENVIGADO,0,0,37,28,0,0,21,23,109
2024,AGOSTO,E.S.E. HOSPITAL SAN RAFAEL DE ITAGUI,ANTIOQUIA,ITAGUI,0,0,3,1,0,0,2,3,9
2024,AGOSTO,FUNDACION HOSPITAL SAN VICENTE DE PAUL RIONEGRO,ANTIOQUIA,RIONEGRO,1,0,36,24,0,0,33,25,119
2024,AGOSTO,E.S.E. HOSPITAL LA MARIA,ANTIOQUIA,MEDELLÍN,0,0,13,17,0,0,21,20,71
2024,AGOSTO,IPS UNIVERSITARIA SEDE CLINICA LEON XIII,ANTIOQUIA,MEDELLÍN,0,0,56,50,0,1,56,70,233
2024,AGOSTO,CLINICA DE LA POLICIA REGIONAL VALLE DE ABURRA,ANTIOQUIA,ENVIGADO,0,0,5,2,0,0,1,4,12
2024,AGOSTO,EMPRESA SOCIAL DEL ESTADO HOSPITAL MARCO FIDEL SUAREZ,ANTIOQUIA,BELLO,0,0,28,45,0,0,25,18,116
2024,AGOSTO,CEDIMED POBLADO,ANTIOQUIA,MEDELLÍN,0,0,2,0,0,0,0,0,2
2024,AGOSTO,UNIDAD HOSPITALARIA DE BELEN HECTOR ABAD GOMEZ,ANTIOQUIA,MEDELLÍN,0,0,2,10,0,0,6,3,21
2024,AGOSTO,EMPRESA SOCIAL DEL ESTADO HOSPITAL FRANCISCO VALDERRAMA,ANTIOQUIA,TURBO,0,0,8,1,0,0,0,0,9
2024,AGOSTO,CLINICA SAN JUAN DE DIOS LA CEJA,ANTIOQUIA,LA CEJA,0,0,7,8,0,0,3,4,22
2024,AGOSTO,E.S.E HOSPITAL LA MERCED DE CIUDAD BOLIVAR,ANTIOQUIA,CIUDAD BOLÍVAR,0,0,3,2,0,0,0,1,6
2024,AGOSTO,ANGIOSUR S.A.S.,ANTIOQUIA,ITAGUI,0,0,0,0,0,0,0,1,1
2024,AGOSTO,NUEVA CLINICA SAGRADO CORAZON S.A.S,ANTIOQUIA,MEDELLÍN,0,0,37,24,0,0,22,28,111
2024,AGOSTO,HOSPITAL SAN JUAN DE DIOS E.S.E RIONEGRO - ANTIOQUIA,ANTIOQUIA,RIONEGRO,0,1,16,10,0,0,6,13,46
2024,AGOSTO,MESSER COLOMBIA S.A. AGENCIA REMEO CENTER MEDELLIN,ANTIOQUIA,MEDELLÍN,0,0,0,2,0,0,0,2,4
2024,AGOSTO,ESE HOSPITAL CESAR URIBE PIEDRAHITA,ANTIOQUIA,CAUCASIA,0,0,12,5,0,0,5,1,23
2024,AGOSTO,CLINICA VIDA SEDE HOSPITALARIA,ANTIOQUIA,MEDELLÍN,0,0,75,42,0,0,51,35,203
2024,AGOSTO,UNIDAD HOSPITALARIA NUEVO OCCIDENTE,ANTIOQUIA,MEDELLÍN,0,0,3,1,0,0,8,6,18
2024,AGOSTO,FUNDACION INSTITUTO NEUROLOGICO DE COLOMBIA,ANTIOQUIA,MEDELLÍN,0,0,4,4,0,0,2,0,10
2024,AGOSTO,HOSPITAL GENERAL DE MEDELLIN LUZ CASTRO DE GUTIERREZ E.S.E,ANTIOQUIA,MEDELLÍN,11,1,58,22,14,7,50,26,189
2024,AGOSTO,CLINICA UNIVERSITARIA BOLIVARIANA,ANTIOQUIA,MEDELLÍN,13,0,30,15,7,0,10,14,89
2024,AGOSTO,UNIDAD HOSPITALARIA DE CASTILLA JAIME TOBON ARBELAEZ,ANTIOQUIA,MEDELLÍN,0,0,1,6,0,0,2,2,11
2024,AGOSTO,IPS SAN MARCOS DE LEON NORTE S.A.S,ANTIOQUIA,MEDELLÍN,0,0,9,15,0,0,8,12,44
2024,AGOSTO,EMPRESA SOCIAL DEL ESTADO HOSPITAL SAN JUAN DE DIOS YARUMAL,ANTIOQUIA,YARUMAL,0,1,7,1,0,0,15,6,30
2024,AGOSTO,LABORATORIO MEDICO DE REFERENCIA,ANTIOQUIA,MEDELLÍN,0,0,6,10,0,0,8,4,28
2024,AGOSTO,HOSPITAL MANUEL URIBE ANGEL E.S.E,ANTIOQUIA,ENVIGADO,8,0,51,53,7,0,25,38,182
2024,AGOSTO,LABORATORIO MEDICO LAS AMERICAS SEDE SUR,ANTIOQUIA,ENVIGADO,0,0,12,15,0,0,6,20,53
2024,AGOSTO,ESPECIALIDADES MEDICAS METROPOLITANAS S.A.S.,ANTIOQUIA,BELLO,0,0,2,7,0,0,3,7,19
2024,AGOSTO,CLINICA GENEZEN S.A.S SEDE PUERTO BERRIO,ANTIOQUIA,PUERTO BERRÍO,0,0,2,0,0,0,4,0,6
2024,AGOSTO,E.S.E HOSPITAL SAN JUAN DE DIOS ANTIOQUIA,ANTIOQUIA,SANTAFÉ DE ANTIOQUIA,0,0,12,4,1,0,8,11,36
2024,AGOSTO,SYNLAB SEDE INTERQUIROFANOS,ANTIOQUIA,MEDELLÍN,0,0,7,0,0,0,0,0,7
2024,AGOSTO,PROMOTORA MEDICA LAS AMERICAS S.A,ANTIOQUIA,MEDELLÍN,0,8,110,81,2,2,92,92,387
2024,AGOSTO,CORPORACION PARA ESTUDIOS EN SALUD CLINICA CES,ANTIOQUIA,MEDELLÍN,0,0,21,17,0,0,24,20,82
2024,AGOSTO,PROMOTORA CLINICA ZONA FRANCA DE URABA,ANTIOQUIA,APARTADÓ,1,1,79,35,3,0,122,38,279
2024,AGOSTO,CLINICA CARDIO VID,ANTIOQUIA,MEDELLÍN,5,7,32,23,7,5,22,21,122
2024,AGOSTO,UNLAB SOMA sede Chigorodó,ANTIOQUIA,CHIGORODÓ,3,0,4,0,1,0,0,0,8
2024,AGOSTO,LABORATORIO TEST,ANTIOQUIA,MEDELLÍN,2,2,28,15,2,0,13,11,73
2024,AGOSTO,FUNDACION HOSPITALARIA SAN VICENTE DE PAUL,ANTIOQUIA,MEDELLÍN,19,33,59,37,16,28,89,35,316
2024,AGOSTO,SYNLAB SEDE CIUDAD DEL RIO,ANTIOQUIA,MEDELLÍN,16,0,45,2,15,0,1,2,81
2024,AGOSTO,INVERSIONES MEDICAS DE ANTIOQUIA S.A. CLINICA LAS VEGAS,ANTIOQUIA,MEDELLÍN,0,0,15,68,0,0,17,38,138
2024,AGOSTO,HOSPITAL PABLO TOBON URIBE,ANTIOQUIA,MEDELLÍN,6,9,65,54,6,22,93,47,302
2024,AGOSTO,LABORATORIO MEDICO DE REFERENCIA SEDE EL TESORO,ANTIOQUIA,MEDELLÍN,3,3,16,12,6,1,11,13,65
2024,AGOSTO,CLINICA MEDELLIN SEDE OCCIDENTE,ANTIOQUIA,MEDELLÍN,0,0,35,34,0,0,31,34,134
2024,AGOSTO,INSTITUTO DEL CORAZON S.A.S,ANTIOQUIA,MEDELLÍN,0,0,1,9,0,0,4,3,17
2024,AGOSTO,SYNLAB SEDE EL TESORO,ANTIOQUIA,MEDELLÍN,0,0,6,0,0,0,1,0,7
2024,AGOSTO,UNIDAD HOSPITALARIA SANTA CRUZ VICTOR CARDENAS JARAMILLO,ANTIOQUIA,MEDELLÍN,0,0,2,1,0,0,0,2,5
2024,AGOSTO,CLINICA ANTIOQUIA - SEDE NORTE,ANTIOQUIA,BELLO,0,0,3,1,0,0,2,5,11
2024,AGOSTO,CLINICA ANTIOQUIA S.A.,ANTIOQUIA,ITAGUI,0,0,11,13,0,0,15,21,60
2024,AGOSTO,CLINICA CENTRAL FUNDADORES,ANTIOQUIA,MEDELLÍN,0,0,10,26,0,0,21,18,75
2024,SEPTIEMBRE,FUNDACION CLINICA DEL NORTE,ANTIOQUIA,BELLO,0,0,14,17,0,0,15,15,61
2024,SEPTIEMBRE,CLINICA ANTIOQUIA - SEDE NORTE,ANTIOQUIA,BELLO,0,0,6,3,0,0,2,1,12
2024,SEPTIEMBRE,CLINICA ANTIOQUIA S.A.,ANTIOQUIA,ITAGUI,0,0,14,13,0,0,18,14,59
2024,SEPTIEMBRE,E.S.E HOSPITAL LA MERCED DE CIUDAD BOLIVAR,ANTIOQUIA,CIUDAD BOLÍVAR,0,1,2,0,0,0,1,1,5
2024,SEPTIEMBRE,HOSPITAL GENERAL DE MEDELLIN LUZ CASTRO DE GUTIERREZ E.S.E,ANTIOQUIA,MEDELLÍN,7,1,50,31,23,3,50,30,195
2024,SEPTIEMBRE,UNIDAD HOSPITALARIA DE CASTILLA JAIME TOBON ARBELAEZ,ANTIOQUIA,MEDELLÍN,0,0,4,5,0,0,1,1,11
2024,SEPTIEMBRE,PROMOTORA CLINICA ZONA FRANCA DE URABA,ANTIOQUIA,APARTADÓ,0,0,73,17,4,0,81,16,191
2024,SEPTIEMBRE,CLINICA MEDELLIN SEDE OCCIDENTE,ANTIOQUIA,MEDELLÍN,0,0,23,39,0,0,31,33,126
2024,SEPTIEMBRE,CORPORACION PARA ESTUDIOS EN SALUD CLINICA CES,ANTIOQUIA,MEDELLÍN,0,0,20,22,0,0,20,16,78
2024,SEPTIEMBRE,CEDIMED POBLADO,ANTIOQUIA,MEDELLÍN,0,0,0,0,0,0,2,0,2
2024,SEPTIEMBRE,UNIDAD HOSPITALARIA SANTA CRUZ VICTOR CARDENAS JARAMILLO,ANTIOQUIA,MEDELLÍN,1,0,2,0,0,0,1,2,6
2024,SEPTIEMBRE,INVERSIONES MEDICAS DE ANTIOQUIA S.A. CLINICA LAS VEGAS,ANTIOQUIA,MEDELLÍN,0,0,24,43,0,0,28,27,122
2024,SEPTIEMBRE,UNIDAD HOSPITALARIA NUEVO OCCIDENTE,ANTIOQUIA,MEDELLÍN,0,0,10,3,0,0,7,6,26
2024,SEPTIEMBRE,FUNDACION HOSPITALARIA SAN VICENTE DE PAUL,ANTIOQUIA,MEDELLÍN,21,29,52,29,18,25,80,35,289
2024,SEPTIEMBRE,UNIDAD HOSPITALARIA DE BELEN HECTOR ABAD GOMEZ,ANTIOQUIA,MEDELLÍN,0,0,7,7,0,0,9,5,28
2024,SEPTIEMBRE,LABORATORIO MEDICO DE REFERENCIA,ANTIOQUIA,MEDELLÍN,0,0,1,14,0,0,6,11,32
2024,SEPTIEMBRE,IPS SAN MARCOS DE LEON NORTE S.A.S,ANTIOQUIA,MEDELLÍN,0,0,9,13,0,0,11,9,42
2024,SEPTIEMBRE,LABORATORIO MEDICO LAS AMERICAS SEDE SUR,ANTIOQUIA,ENVIGADO,0,0,4,22,0,0,18,12,56
2024,SEPTIEMBRE,FUNDACION HOSPITAL SAN VICENTE DE PAUL RIONEGRO,ANTIOQUIA,RIONEGRO,0,0,30,31,0,0,31,19,111
2024,SEPTIEMBRE,HOSPITAL SAN JUAN DE DIOS E.S.E RIONEGRO - ANTIOQUIA,ANTIOQUIA,RIONEGRO,0,0,15,11,0,0,12,11,49
2024,SEPTIEMBRE,SYNLAB SEDE CIUDAD DEL RIO,ANTIOQUIA,MEDELLÍN,11,0,50,2,10,0,1,2,76
2024,SEPTIEMBRE,ESPECIALIDADES MEDICAS METROPOLITANAS S.A.S.,ANTIOQUIA,BELLO,0,0,5,3,0,0,1,7,16
2024,SEPTIEMBRE,E.S.E HOSPITAL SAN JUAN DE DIOS ANTIOQUIA,ANTIOQUIA,SANTAFÉ DE ANTIOQUIA,0,1,8,2,0,0,14,5,30
2024,SEPTIEMBRE,HOSPITAL PABLO TOBON URIBE,ANTIOQUIA,MEDELLÍN,6,7,61,57,2,18,89,43,283
2024,SEPTIEMBRE,UNLAB SOMA sede Chigorodó,ANTIOQUIA,CHIGORODÓ,0,0,5,0,1,0,0,0,6
2024,SEPTIEMBRE,UNIDAD HOSPITALARIA DE MANRRIQUE HERMENEGILDO DE FEX,ANTIOQUIA,MEDELLÍN,0,0,9,1,0,0,0,1,11
2024,SEPTIEMBRE,CLINICA PAJONAL LIMITADA,ANTIOQUIA,CAUCASIA,0,1,4,10,0,0,2,4,21
2024,SEPTIEMBRE,CORPORACION HOSPITAL INFANTIL CONCEJO DE MEDELLIN,ANTIOQUIA,MEDELLÍN,1,1,0,0,0,0,0,0,2
2024,SEPTIEMBRE,FUNDACION INSTITUTO NEUROLOGICO DE COLOMBIA,ANTIOQUIA,MEDELLÍN,0,0,2,1,0,0,2,4,9
2024,SEPTIEMBRE,EMPRESA SOCIAL DEL ESTADO HOSPITAL SAN JUAN DE DIOS YARUMAL,ANTIOQUIA,YARUMAL,0,0,15,0,2,2,8,5,32
2024,SEPTIEMBRE,CENTRO ONCOLOGICO DE ANTIOQUIA S.A.,ANTIOQUIA,ENVIGADO,0,0,42,15,0,0,21,15,93
2024,SEPTIEMBRE,EMPRESA SOCIAL DEL ESTADO HOSPITAL SAN RAFAEL DE YOLOMBO,ANTIOQUIA,YOLOMBÓ,0,0,13,1,3,0,5,1,23
2024,SEPTIEMBRE,LABORATORIO MEDICO ECHAVARRIA S.A.S SEDE TORRE MEDICA SALUD VEGAS,ANTIOQUIA,MEDELLÍN,0,0,4,0,0,0,0,0,4
2024,SEPTIEMBRE,LABORATORIO MEDICO DE REFERENCIA SEDE EL TESORO,ANTIOQUIA,MEDELLÍN,1,1,13,16,5,6,11,15,68
2024,SEPTIEMBRE,HOSPITAL MANUEL URIBE ANGEL E.S.E,ANTIOQUIA,ENVIGADO,2,0,39,49,12,0,33,26,161
2024,SEPTIEMBRE,INSTITUTO DEL CORAZON S.A.S,ANTIOQUIA,MEDELLÍN,0,0,5,6,0,0,0,7,18
2024,SEPTIEMBRE,SOCIEDAD MEDICA RIONEGRO S.A. SOMER S.A,ANTIOQUIA,RIONEGRO,10,4,52,30,19,12,52,29,208
2024,SEPTIEMBRE,E.S.E HOSPITAL SAN VICENTE DE PAUL DE CALDAS,ANTIOQUIA,CALDAS,0,0,5,1,0,0,1,2,9
2024,SEPTIEMBRE,IPS UNIVERSITARIA SEDE CLINICA LEON XIII,ANTIOQUIA,MEDELLÍN,1,0,69,40,1,0,52,47,210
2024,SEPTIEMBRE,E.S.E. HOSPITAL SAN RAFAEL DE ITAGUI,ANTIOQUIA,ITAGUI,0,0,2,3,0,0,2,4,11
2024,SEPTIEMBRE,CLINICA CENTRAL FUNDADORES APARTADO,ANTIOQUIA,APARTADÓ,0,0,16,7,0,0,4,2,29
2024,SEPTIEMBRE,SYNLAB SEDE INTERQUIROFANOS,ANTIOQUIA,MEDELLÍN,0,0,7,0,0,0,0,0,7
2024,SEPTIEMBRE,MESSER COLOMBIA S.A. AGENCIA REMEO CENTER MEDELLIN,ANTIOQUIA,MEDELLÍN,0,0,0,3,0,0,0,1,4
2024,SEPTIEMBRE,CLINICA CENTRAL FUNDADORES,ANTIOQUIA,MEDELLÍN,0,0,12,20,0,0,18,13,63
2024,SEPTIEMBRE,PROMOTORA MEDICA LAS AMERICAS S.A,ANTIOQUIA,MEDELLÍN,0,5,120,79,2,4,84,84,378
2024,SEPTIEMBRE,LABORATORIO TEST,ANTIOQUIA,MEDELLÍN,5,1,22,4,1,0,12,9,54
2024,SEPTIEMBRE,SYNLAB SEDE EL TESORO,ANTIOQUIA,MEDELLÍN,0,0,7,0,0,0,1,0,8
2024,SEPTIEMBRE,CLINICA VIDA SEDE HOSPITALARIA,ANTIOQUIA,MEDELLÍN,0,0,73,37,0,0,43,38,191
2024,SEPTIEMBRE,EMPRESA SOCIAL DEL ESTADO HOSPITAL FRANCISCO VALDERRAMA,ANTIOQUIA,TURBO,0,0,15,1,0,0,0,0,16
2024,SEPTIEMBRE,ANGIOSUR S.A.S.,ANTIOQUIA,ITAGUI,0,0,0,2,0,0,1,0,3
2024,SEPTIEMBRE,EMPRESA SOCIAL DEL ESTADO HOSPITAL MARCO FIDEL SUAREZ,ANTIOQUIA,BELLO,0,0,39,23,0,1,37,25,125
2024,SEPTIEMBRE,CLINICA UNIVERSITARIA BOLIVARIANA,ANTIOQUIA,MEDELLÍN,17,0,18,12,11,0,8,9,75
2024,SEPTIEMBRE,NUEVA CLINICA SAGRADO CORAZON S.A.S,ANTIOQUIA,MEDELLÍN,0,2,34,16,0,0,37,24,113
2024,SEPTIEMBRE,ESE HOSPITAL CESAR URIBE PIEDRAHITA,ANTIOQUIA,CAUCASIA,0,0,20,5,0,0,5,0,30
2024,SEPTIEMBRE,CLINICA SAN JUAN DE DIOS LA CEJA,ANTIOQUIA,LA CEJA,0,0,6,2,0,0,9,2,19
2024,SEPTIEMBRE,CLINICA GENEZEN S.A.S SEDE PUERTO BERRIO,ANTIOQUIA,PUERTO BERRÍO,0,0,8,2,0,0,1,3,14
2024,SEPTIEMBRE,CLINICA CARDIO VID,ANTIOQUIA,MEDELLÍN,5,6,17,21,5,6,27,20,107
