Año,Mes,Nombre Servicio,Departamento,Municipio,Total Componentes sin Pruebas,Pruebas IH,Pruebas IS,Pruebas Pre Transfusionales,Total Globulos Transfundidos,Relacion CT
2024,ENERO,CLINICA CENTRAL FUNDADORES APARTADO,ANTIOQUIA,APARTADÓ,1,0,0,76,76,"100,00"
2024,ENERO,PROMOTORA CLINICA ZONA FRANCA DE URABA,ANTIOQUIA,APARTADÓ,15,0,0,396,466,"117,68"
2024,ENERO,CLINICA ANTIOQUIA - SEDE NORTE,ANTIOQUIA,BELLO,0,0,0,18,18,"100,00"
2024,ENERO,FUNDACION CLINICA DEL NORTE,ANTIOQUIA,BELLO,0,0,0,124,121,"97,58"
2024,ENERO,EMPRESA SOCIAL DEL ESTADO HOSPITAL MARCO FIDEL SUAREZ,ANTIOQUIA,BELLO,0,0,0,310,202,"65,16"
2024,ENERO,ESPECIALIDADES MEDICAS METROPOLITANAS S.A.S.,ANTIOQUIA,BELLO,8,0,0,88,62,"70,45"
2024,ENERO,E.S.E HOSPITAL SAN VICENTE DE PAUL DE CALDAS,ANTIOQUIA,CALDAS,0,0,0,24,23,"95,83"
2024,ENERO,CLINICA PAJONAL LIMITADA,ANTIOQUIA,CAUCASIA,0,0,0,43,43,"100,00"
2024,ENERO,ESE HOSPITAL CESAR URIBE PIEDRAHITA,ANTIOQUIA,CAUCASIA,2,0,0,46,46,"100,00"
2024,ENERO,ESE HOSPITAL CESAR URIBE PIEDRAHITA SEDE PUERTO BERRIO,ANTIOQUIA,CAUCASIA,4,0,0,22,26,"118,18"
2024,ENERO,UNLAB SOMA sede Chigorodó,ANTIOQUIA,CHIGORODÓ,6,0,0,21,21,"100,00"
2024,ENERO,E.S.E HOSPITAL LA MERCED DE CIUDAD BOLIVAR,ANTIOQUIA,CIUDAD BOLÍVAR,0,0,0,21,21,"100,00"
2024,ENERO,CLINICA DE LA POLICIA REGIONAL VALLE DE ABURRA,ANTIOQUIA,ENVIGADO,0,0,0,18,18,"100,00"
2024,ENERO,CENTRO ONCOLOGICO DE ANTIOQUIA S.A.,ANTIOQUIA,ENVIGADO,3,0,0,381,312,"81,89"
2024,ENERO,LABORATORIO MEDICO LAS AMERICAS SEDE SUR,ANTIOQUIA,ENVIGADO,11,11,0,121,83,"68,60"
2024,ENERO,HOSPITAL MANUEL URIBE ANGEL E.S.E,ANTIOQUIA,ENVIGADO,14,0,0,441,414,"93,88"
2024,ENERO,E.S.E. HOSPITAL SAN RAFAEL DE ITAGUI,ANTIOQUIA,ITAGUI,0,0,0,9,8,"88,89"
2024,ENERO,CLINICA ANTIOQUIA S.A.,ANTIOQUIA,ITAGUI,2,4,0,158,160,"101,27"
2024,ENERO,CLINICA SAN JUAN DE DIOS LA CEJA,ANTIOQUIA,LA CEJA,2,0,0,49,46,"93,88"
2024,ENERO,CORPORACION HOSPITAL INFANTIL CONCEJO DE MEDELLIN,ANTIOQUIA,MEDELLÍN,0,0,0,1,1,"100,00"
2024,ENERO,MESSER COLOMBIA S.A. AGENCIA REMEO CENTER MEDELLIN,ANTIOQUIA,MEDELLÍN,0,0,0,4,4,"100,00"
2024,ENERO,SYNLAB SEDE INTERQUIROFANOS,ANTIOQUIA,MEDELLÍN,0,0,0,13,7,"53,85"
2024,ENERO,UNIDAD HOSPITALARIA DE CASTILLA JAIME TOBON ARBELAEZ,ANTIOQUIA,MEDELLÍN,0,0,0,15,12,"80,00"
2024,ENERO,UNIDAD HOSPITALARIA SANTA CRUZ VICTOR CARDENAS JARAMILLO,ANTIOQUIA,MEDELLÍN,0,0,0,15,15,"100,00"
2024,ENERO,CEDIMED POBLADO,ANTIOQUIA,MEDELLÍN,0,0,0,15,15,"100,00"
2024,ENERO,SYNLAB SEDE EL TESORO,ANTIOQUIA,MEDELLÍN,0,0,0,16,16,"100,00"
2024,ENERO,UNIDAD HOSPITALARIA NUEVO OCCIDENTE,ANTIOQUIA,MEDELLÍN,0,0,0,25,20,"80,00"
2024,ENERO,INSTITUTO DEL CORAZON S.A.S,ANTIOQUIA,MEDELLÍN,0,0,0,27,27,"100,00"
2024,ENERO,FUNDACION INSTITUTO NEUROLOGICO DE COLOMBIA,ANTIOQUIA,MEDELLÍN,0,0,0,29,25,"86,21"
2024,ENERO,UNIDAD HOSPITALARIA DE BELEN HECTOR ABAD GOMEZ,ANTIOQUIA,MEDELLÍN,0,0,0,46,45,"97,83"
2024,ENERO,CLINICA CENTRAL FUNDADORES,ANTIOQUIA,MEDELLÍN,0,0,0,91,91,"100,00"
2024,ENERO,LABORATORIO MEDICO DE REFERENCIA,ANTIOQUIA,MEDELLÍN,0,0,0,96,96,"100,00"
2024,ENERO,IPS SAN MARCOS DE LEON NORTE S.A.S,ANTIOQUIA,MEDELLÍN,0,0,0,181,139,"76,80"
2024,ENERO,CLINICA CARDIO VID,ANTIOQUIA,MEDELLÍN,0,3,0,467,320,"68,52"
2024,ENERO,E.S.E. HOSPITAL LA MARIA,ANTIOQUIA,MEDELLÍN,1,0,0,85,85,"100,00"
2024,ENERO,UNIDAD HOSPITALARIA DE MANRRIQUE HERMENEGILDO DE FEX,ANTIOQUIA,MEDELLÍN,2,2,0,28,28,"100,00"
2024,ENERO,LABORATORIO TEST,ANTIOQUIA,MEDELLÍN,6,0,0,200,129,"64,50"
2024,ENERO,CLINICA MEDELLIN SEDE OCCIDENTE,ANTIOQUIA,MEDELLÍN,6,0,0,430,263,"61,16"
2024,ENERO,CORPORACION PARA ESTUDIOS EN SALUD CLINICA CES,ANTIOQUIA,MEDELLÍN,7,0,0,292,297,"101,71"
2024,ENERO,INVERSIONES MEDICAS DE ANTIOQUIA S.A. CLINICA LAS VEGAS,ANTIOQUIA,MEDELLÍN,7,0,0,353,247,"69,97"
2024,ENERO,CLINICA VIDA SEDE HOSPITALARIA,ANTIOQUIA,MEDELLÍN,7,0,0,424,424,"100,00"
2024,ENERO,NUEVA CLINICA SAGRADO CORAZON S.A.S,ANTIOQUIA,MEDELLÍN,7,2,0,221,200,"90,50"
2024,ENERO,IPS UNIVERSITARIA SEDE CLINICA LEON XIII,ANTIOQUIA,MEDELLÍN,13,13,0,909,764,"84,05"
2024,ENERO,SYNLAB SEDE CIUDAD DEL RIO,ANTIOQUIA,MEDELLÍN,16,16,0,428,221,"51,64"
2024,ENERO,CLINICA UNIVERSITARIA BOLIVARIANA,ANTIOQUIA,MEDELLÍN,18,18,0,201,243,"120,90"
2024,ENERO,LABORATORIO MEDICO DE REFERENCIA SEDE EL TESORO,ANTIOQUIA,MEDELLÍN,23,0,0,261,194,"74,33"
2024,ENERO,HOSPITAL PABLO TOBON URIBE,ANTIOQUIA,MEDELLÍN,25,25,0,1222,894,"73,16"
2024,ENERO,PROMOTORA MEDICA LAS AMERICAS S.A,ANTIOQUIA,MEDELLÍN,31,31,0,868,624,"71,89"
2024,ENERO,HOSPITAL GENERAL DE MEDELLIN LUZ CASTRO DE GUTIERREZ E.S.E,ANTIOQUIA,MEDELLÍN,33,0,0,537,509,"94,79"
2024,ENERO,FUNDACION HOSPITALARIA SAN VICENTE DE PAUL,ANTIOQUIA,MEDELLÍN,134,0,0,1384,916,"66,18"
2024,ENERO,SOCIEDAD MEDICA RIONEGRO S.A. SOMER S.A,ANTIOQUIA,RIONEGRO,0,40,0,748,543,"72,59"
2024,ENERO,HOSPITAL SAN JUAN DE DIOS E.S.E RIONEGRO - ANTIOQUIA,ANTIOQUIA,RIONEGRO,6,6,0,107,107,"100,00"
2024,ENERO,FUNDACION HOSPITAL SAN VICENTE DE PAUL RIONEGRO,ANTIOQUIA,RIONEGRO,39,39,0,389,361,"92,80"
2024,ENERO,E.S.E HOSPITAL SAN JUAN DE DIOS ANTIOQUIA,ANTIOQUIA,SANTAFÉ DE ANTIOQUIA,5,5,0,44,43,"97,73"
2024,ENERO,EMPRESA SOCIAL DEL ESTADO HOSPITAL FRANCISCO VALDERRAMA,ANTIOQUIA,TURBO,0,0,0,16,16,"100,00"
2024,ENERO,EMPRESA SOCIAL DEL ESTADO HOSPITAL SAN JUAN DE DIOS YARUMAL,ANTIOQUIA,YARUMAL,3,0,0,32,35,"109,38"
2024,ENERO,EMPRESA SOCIAL DEL ESTADO HOSPITAL SAN RAFAEL DE YOLOMBO,ANTIOQUIA,YOLOMBÓ,0,0,0,39,39,"100,00"
2024,FEBRERO,CLINICA CENTRAL FUNDADORES APARTADO,ANTIOQUIA,APARTADÓ,2,0,0,49,49,"100,00"
2024,FEBRERO,PROMOTORA CLINICA ZONA FRANCA DE URABA,ANTIOQUIA,APARTADÓ,11,0,0,418,418,"100,00"
2024,FEBRERO,CLINICA ANTIOQUIA - SEDE NORTE,ANTIOQUIA,BELLO,0,0,0,23,23,"100,00"
2024,FEBRERO,FUNDACION CLINICA DEL NORTE,ANTIOQUIA,BELLO,0,0,0,168,168,"100,00"
2024,FEBRERO,EMPRESA SOCIAL DEL ESTADO HOSPITAL MARCO FIDEL SUAREZ,ANTIOQUIA,BELLO,0,0,0,179,179,"100,00"
2024,FEBRERO,ESPECIALIDADES MEDICAS METROPOLITANAS S.A.S.,ANTIOQUIA,BELLO,9,0,0,70,64,"91,43"
2024,FEBRERO,E.S.E HOSPITAL SAN VICENTE DE PAUL DE CALDAS,ANTIOQUIA,CALDAS,0,0,0,16,16,"100,00"
2024,FEBRERO,ESE HOSPITAL CESAR URIBE PIEDRAHITA SEDE PUERTO BERRIO,ANTIOQUIA,CAUCASIA,0,0,0,14,14,"100,00"
2024,FEBRERO,CLINICA PAJONAL LIMITADA,ANTIOQUIA,CAUCASIA,0,0,0,25,25,"100,00"
2024,FEBRERO,ESE HOSPITAL CESAR URIBE PIEDRAHITA,ANTIOQUIA,CAUCASIA,0,0,0,42,42,"100,00"
2024,FEBRERO,UNLAB SOMA sede Chigorodó,ANTIOQUIA,CHIGORODÓ,5,0,0,13,13,"100,00"
2024,FEBRERO,E.S.E HOSPITAL LA MERCED DE CIUDAD BOLIVAR,ANTIOQUIA,CIUDAD BOLÍVAR,0,0,0,5,11,"220,00"
2024,FEBRERO,CLINICA DE LA POLICIA REGIONAL VALLE DE ABURRA,ANTIOQUIA,ENVIGADO,0,0,0,7,7,"100,00"
2024,FEBRERO,LABORATORIO MEDICO LAS AMERICAS SEDE SUR,ANTIOQUIA,ENVIGADO,0,0,0,122,93,"76,23"
2024,FEBRERO,CENTRO ONCOLOGICO DE ANTIOQUIA S.A.,ANTIOQUIA,ENVIGADO,5,0,0,320,309,"96,56"
2024,FEBRERO,HOSPITAL MANUEL URIBE ANGEL E.S.E,ANTIOQUIA,ENVIGADO,22,22,0,597,505,"84,59"
2024,FEBRERO,E.S.E. HOSPITAL SAN RAFAEL DE ITAGUI,ANTIOQUIA,ITAGUI,2,0,0,23,21,"91,30"
2024,FEBRERO,CLINICA ANTIOQUIA S.A.,ANTIOQUIA,ITAGUI,4,0,0,162,135,"83,33"
2024,FEBRERO,CLINICA SAN JUAN DE DIOS LA CEJA,ANTIOQUIA,LA CEJA,0,0,0,45,43,"95,56"
2024,FEBRERO,CORPORACION HOSPITAL INFANTIL CONCEJO DE MEDELLIN,ANTIOQUIA,MEDELLÍN,0,0,0,3,3,"100,00"
2024,FEBRERO,LABORATORIO MEDICO ECHAVARRIA S.A.S SEDE TORRE MEDICA SALUD VEGAS,ANTIOQUIA,MEDELLÍN,0,0,0,3,3,"100,00"
2024,FEBRERO,UNIDAD HOSPITALARIA SANTA CRUZ VICTOR CARDENAS JARAMILLO,ANTIOQUIA,MEDELLÍN,0,0,0,8,8,"100,00"
2024,FEBRERO,CEDIMED POBLADO,ANTIOQUIA,MEDELLÍN,0,0,0,8,8,"100,00"
2024,FEBRERO,SYNLAB SEDE INTERQUIROFANOS,ANTIOQUIA,MEDELLÍN,0,0,0,10,8,"80,00"
2024,FEBRERO,SYNLAB SEDE EL TESORO,ANTIOQUIA,MEDELLÍN,0,0,0,16,16,"100,00"
2024,FEBRERO,UNIDAD HOSPITALARIA NUEVO OCCIDENTE,ANTIOQUIA,MEDELLÍN,0,0,0,23,23,"100,00"
2024,FEBRERO,UNIDAD HOSPITALARIA DE CASTILLA JAIME TOBON ARBELAEZ,ANTIOQUIA,MEDELLÍN,0,0,0,30,28,"93,33"
2024,FEBRERO,INSTITUTO DEL CORAZON S.A.S,ANTIOQUIA,MEDELLÍN,0,0,0,33,33,"100,00"
2024,FEBRERO,UNIDAD HOSPITALARIA DE BELEN HECTOR ABAD GOMEZ,ANTIOQUIA,MEDELLÍN,0,0,0,35,33,"94,29"
2024,FEBRERO,FUNDACION INSTITUTO NEUROLOGICO DE COLOMBIA,ANTIOQUIA,MEDELLÍN,0,0,0,40,37,"92,50"
2024,FEBRERO,LABORATORIO MEDICO DE REFERENCIA,ANTIOQUIA,MEDELLÍN,0,0,0,61,61,"100,00"
2024,FEBRERO,CLINICA CENTRAL FUNDADORES,ANTIOQUIA,MEDELLÍN,0,0,0,89,91,"102,25"
2024,FEBRERO,IPS SAN MARCOS DE LEON NORTE S.A.S,ANTIOQUIA,MEDELLÍN,0,0,0,174,104,"59,77"
2024,FEBRERO,CLINICA CARDIO VID,ANTIOQUIA,MEDELLÍN,0,0,0,445,343,"77,08"
2024,FEBRERO,CLINICA MEDELLIN SEDE OCCIDENTE,ANTIOQUIA,MEDELLÍN,0,0,0,500,256,"51,20"
2024,FEBRERO,UNIDAD HOSPITALARIA DE MANRRIQUE HERMENEGILDO DE FEX,ANTIOQUIA,MEDELLÍN,2,1,0,23,23,"100,00"
2024,FEBRERO,E.S.E. HOSPITAL LA MARIA,ANTIOQUIA,MEDELLÍN,3,0,0,255,265,"103,92"
2024,FEBRERO,LABORATORIO MEDICO DE REFERENCIA SEDE EL TESORO,ANTIOQUIA,MEDELLÍN,4,0,0,259,184,"71,04"
2024,FEBRERO,CLINICA VIDA SEDE HOSPITALARIA,ANTIOQUIA,MEDELLÍN,5,0,0,497,497,"100,00"
2024,FEBRERO,LABORATORIO TEST,ANTIOQUIA,MEDELLÍN,6,0,0,146,146,"100,00"
2024,FEBRERO,NUEVA CLINICA SAGRADO CORAZON S.A.S,ANTIOQUIA,MEDELLÍN,6,0,0,226,224,"99,12"
2024,FEBRERO,IPS UNIVERSITARIA SEDE CLINICA LEON XIII,ANTIOQUIA,MEDELLÍN,7,7,0,911,714,"78,38"
2024,FEBRERO,INVERSIONES MEDICAS DE ANTIOQUIA S.A. CLINICA LAS VEGAS,ANTIOQUIA,MEDELLÍN,13,0,0,458,280,"61,14"
2024,FEBRERO,CLINICA UNIVERSITARIA BOLIVARIANA,ANTIOQUIA,MEDELLÍN,17,17,0,133,179,"134,59"
2024,FEBRERO,SYNLAB SEDE CIUDAD DEL RIO,ANTIOQUIA,MEDELLÍN,25,25,0,482,237,"49,17"
2024,FEBRERO,PROMOTORA MEDICA LAS AMERICAS S.A,ANTIOQUIA,MEDELLÍN,35,35,0,911,598,"65,64"
2024,FEBRERO,HOSPITAL GENERAL DE MEDELLIN LUZ CASTRO DE GUTIERREZ E.S.E,ANTIOQUIA,MEDELLÍN,36,0,0,400,356,"89,00"
2024,FEBRERO,HOSPITAL PABLO TOBON URIBE,ANTIOQUIA,MEDELLÍN,38,38,0,1166,775,"66,47"
2024,FEBRERO,CORPORACION PARA ESTUDIOS EN SALUD CLINICA CES,ANTIOQUIA,MEDELLÍN,44,0,0,284,284,"100,00"
2024,FEBRERO,FUNDACION HOSPITALARIA SAN VICENTE DE PAUL,ANTIOQUIA,MEDELLÍN,121,0,0,1096,853,"77,83"
2024,FEBRERO,CLINICA GENEZEN S.A.S SEDE PUERTO BERRIO,ANTIOQUIA,PUERTO BERRÍO,0,0,0,8,8,"100,00"
2024,FEBRERO,SOCIEDAD MEDICA RIONEGRO S.A. SOMER S.A,ANTIOQUIA,RIONEGRO,0,18,0,565,411,"72,74"
2024,FEBRERO,HOSPITAL SAN JUAN DE DIOS E.S.E RIONEGRO - ANTIOQUIA,ANTIOQUIA,RIONEGRO,6,6,0,78,73,"93,59"
2024,FEBRERO,FUNDACION HOSPITAL SAN VICENTE DE PAUL RIONEGRO,ANTIOQUIA,RIONEGRO,18,18,0,309,272,"88,03"
2024,FEBRERO,E.S.E HOSPITAL SAN JUAN DE DIOS ANTIOQUIA,ANTIOQUIA,SANTAFÉ DE ANTIOQUIA,3,3,0,59,51,"86,44"
2024,FEBRERO,EMPRESA SOCIAL DEL ESTADO HOSPITAL FRANCISCO VALDERRAMA,ANTIOQUIA,TURBO,0,0,0,30,30,"100,00"
2024,FEBRERO,EMPRESA SOCIAL DEL ESTADO HOSPITAL SAN JUAN DE DIOS YARUMAL,ANTIOQUIA,YARUMAL,6,0,0,38,50,"131,58"
2024,FEBRERO,EMPRESA SOCIAL DEL ESTADO HOSPITAL SAN RAFAEL DE YOLOMBO,ANTIOQUIA,YOLOMBÓ,0,0,0,18,18,"100,00"
2024,MARZO,CLINICA CENTRAL FUNDADORES APARTADO,ANTIOQUIA,APARTADÓ,4,0,0,39,39,"100,00"
2024,MARZO,PROMOTORA CLINICA ZONA FRANCA DE URABA,ANTIOQUIA,APARTADÓ,26,0,0,324,350,"108,02"
2024,MARZO,CLINICA ANTIOQUIA - SEDE NORTE,ANTIOQUIA,BELLO,0,0,0,13,13,"100,00"
2024,MARZO,ESPECIALIDADES MEDICAS METROPOLITANAS S.A.S.,ANTIOQUIA,BELLO,0,0,0,54,43,"79,63"
2024,MARZO,EMPRESA SOCIAL DEL ESTADO HOSPITAL MARCO FIDEL SUAREZ,ANTIOQUIA,BELLO,0,0,0,186,186,"100,00"
2024,MARZO,FUNDACION CLINICA DEL NORTE,ANTIOQUIA,BELLO,0,2,0,206,206,"100,00"
2024,MARZO,E.S.E HOSPITAL SAN VICENTE DE PAUL DE CALDAS,ANTIOQUIA,CALDAS,0,0,0,41,37,"90,24"
2024,MARZO,CLINICA PAJONAL LIMITADA,ANTIOQUIA,CAUCASIA,0,0,0,37,37,"100,00"
2024,MARZO,ESE HOSPITAL CESAR URIBE PIEDRAHITA,ANTIOQUIA,CAUCASIA,5,0,0,30,30,"100,00"
2024,MARZO,UNLAB SOMA sede Chigorodó,ANTIOQUIA,CHIGORODÓ,4,0,0,25,18,"72,00"
2024,MARZO,E.S.E HOSPITAL LA MERCED DE CIUDAD BOLIVAR,ANTIOQUIA,CIUDAD BOLÍVAR,0,0,0,27,27,"100,00"
2024,MARZO,CLINICA DE LA POLICIA REGIONAL VALLE DE ABURRA,ANTIOQUIA,ENVIGADO,0,0,0,11,11,"100,00"
2024,MARZO,CENTRO ONCOLOGICO DE ANTIOQUIA S.A.,ANTIOQUIA,ENVIGADO,6,0,0,430,258,"60,00"
2024,MARZO,LABORATORIO MEDICO LAS AMERICAS SEDE SUR,ANTIOQUIA,ENVIGADO,13,13,0,177,149,"84,18"
2024,MARZO,HOSPITAL MANUEL URIBE ANGEL E.S.E,ANTIOQUIA,ENVIGADO,22,24,0,615,502,"81,63"
2024,MARZO,E.S.E. HOSPITAL SAN RAFAEL DE ITAGUI,ANTIOQUIA,ITAGUI,0,0,0,33,33,"100,00"
2024,MARZO,CLINICA ANTIOQUIA S.A.,ANTIOQUIA,ITAGUI,2,2,0,176,98,"55,68"
2024,MARZO,CLINICA SAN JUAN DE DIOS LA CEJA,ANTIOQUIA,LA CEJA,0,0,0,27,26,"96,30"
2024,MARZO,CLINICA DE CIRUGIA AMBULATORIA CONQUISTADORES,ANTIOQUIA,MEDELLÍN,0,0,0,2,2,"100,00"
2024,MARZO,CORPORACION HOSPITAL INFANTIL CONCEJO DE MEDELLIN,ANTIOQUIA,MEDELLÍN,0,0,0,2,2,"100,00"
2024,MARZO,MESSER COLOMBIA S.A. AGENCIA REMEO CENTER MEDELLIN,ANTIOQUIA,MEDELLÍN,0,0,0,2,2,"100,00"
2024,MARZO,UNIDAD HOSPITALARIA SANTA CRUZ VICTOR CARDENAS JARAMILLO,ANTIOQUIA,MEDELLÍN,0,0,0,5,5,"100,00"
2024,MARZO,UNIDAD HOSPITALARIA DE BELEN HECTOR ABAD GOMEZ,ANTIOQUIA,MEDELLÍN,0,0,0,7,7,"100,00"
2024,MARZO,CEDIMED POBLADO,ANTIOQUIA,MEDELLÍN,0,0,0,8,8,"100,00"
2024,MARZO,UNIDAD HOSPITALARIA NUEVO OCCIDENTE,ANTIOQUIA,MEDELLÍN,0,0,0,12,12,"100,00"
2024,MARZO,SYNLAB SEDE INTERQUIROFANOS,ANTIOQUIA,MEDELLÍN,0,0,0,25,15,"60,00"
2024,MARZO,FUNDACION INSTITUTO NEUROLOGICO DE COLOMBIA,ANTIOQUIA,MEDELLÍN,0,0,0,30,23,"76,67"
2024,MARZO,SYNLAB SEDE EL TESORO,ANTIOQUIA,MEDELLÍN,0,0,0,30,30,"100,00"
2024,MARZO,UNIDAD HOSPITALARIA DE CASTILLA JAIME TOBON ARBELAEZ,ANTIOQUIA,MEDELLÍN,0,0,0,31,23,"74,19"
2024,MARZO,CLINICA CENTRAL FUNDADORES,ANTIOQUIA,MEDELLÍN,0,0,0,52,52,"100,00"
2024,MARZO,INSTITUTO DEL CORAZON S.A.S,ANTIOQUIA,MEDELLÍN,0,0,0,81,81,"100,00"
2024,MARZO,LABORATORIO MEDICO DE REFERENCIA,ANTIOQUIA,MEDELLÍN,0,0,0,114,114,"100,00"
2024,MARZO,IPS SAN MARCOS DE LEON NORTE S.A.S,ANTIOQUIA,MEDELLÍN,0,0,0,193,129,"66,84"
2024,MARZO,CLINICA CARDIO VID,ANTIOQUIA,MEDELLÍN,0,9,0,427,295,"69,09"
2024,MARZO,CLINICA VIDA SEDE HOSPITALARIA,ANTIOQUIA,MEDELLÍN,2,0,0,412,412,"100,00"
2024,MARZO,UNIDAD HOSPITALARIA DE MANRRIQUE HERMENEGILDO DE FEX,ANTIOQUIA,MEDELLÍN,3,3,0,16,16,"100,00"
2024,MARZO,E.S.E. HOSPITAL LA MARIA,ANTIOQUIA,MEDELLÍN,6,0,0,270,267,"98,89"
2024,MARZO,IPS UNIVERSITARIA SEDE CLINICA LEON XIII,ANTIOQUIA,MEDELLÍN,7,7,0,962,808,"83,99"
2024,MARZO,LABORATORIO TEST,ANTIOQUIA,MEDELLÍN,8,0,0,177,119,"67,23"
2024,MARZO,NUEVA CLINICA SAGRADO CORAZON S.A.S,ANTIOQUIA,MEDELLÍN,8,2,0,225,211,"93,78"
2024,MARZO,SYNLAB SEDE CIUDAD DEL RIO,ANTIOQUIA,MEDELLÍN,10,10,0,410,194,"47,32"
2024,MARZO,INVERSIONES MEDICAS DE ANTIOQUIA S.A. CLINICA LAS VEGAS,ANTIOQUIA,MEDELLÍN,11,0,0,506,214,"42,29"
2024,MARZO,LABORATORIO MEDICO DE REFERENCIA SEDE EL TESORO,ANTIOQUIA,MEDELLÍN,13,0,0,228,138,"60,53"
2024,MARZO,CLINICA UNIVERSITARIA BOLIVARIANA,ANTIOQUIA,MEDELLÍN,15,15,0,137,158,"115,33"
2024,MARZO,PROMOTORA MEDICA LAS AMERICAS S.A,ANTIOQUIA,MEDELLÍN,21,21,0,1086,623,"57,37"
2024,MARZO,HOSPITAL PABLO TOBON URIBE,ANTIOQUIA,MEDELLÍN,27,27,0,1077,814,"75,58"
2024,MARZO,CLINICA MEDELLIN SEDE OCCIDENTE,ANTIOQUIA,MEDELLÍN,28,0,0,500,277,"55,40"
2024,MARZO,CORPORACION PARA ESTUDIOS EN SALUD CLINICA CES,ANTIOQUIA,MEDELLÍN,34,0,0,250,250,"100,00"
2024,MARZO,HOSPITAL GENERAL DE MEDELLIN LUZ CASTRO DE GUTIERREZ E.S.E,ANTIOQUIA,MEDELLÍN,40,0,0,507,475,"93,69"
2024,MARZO,FUNDACION HOSPITALARIA SAN VICENTE DE PAUL,ANTIOQUIA,MEDELLÍN,104,0,0,1260,887,"70,40"
2024,MARZO,CLINICA GENEZEN S.A.S SEDE PUERTO BERRIO,ANTIOQUIA,PUERTO BERRÍO,0,0,0,17,17,"100,00"
2024,MARZO,HOSPITAL SAN JUAN DE DIOS E.S.E RIONEGRO - ANTIOQUIA,ANTIOQUIA,RIONEGRO,16,16,0,95,95,"100,00"
2024,MARZO,SOCIEDAD MEDICA RIONEGRO S.A. SOMER S.A,ANTIOQUIA,RIONEGRO,36,36,0,783,535,"68,33"
2024,MARZO,FUNDACION HOSPITAL SAN VICENTE DE PAUL RIONEGRO,ANTIOQUIA,RIONEGRO,56,56,0,286,291,"101,75"
2024,MARZO,E.S.E HOSPITAL SAN JUAN DE DIOS ANTIOQUIA,ANTIOQUIA,SANTAFÉ DE ANTIOQUIA,2,2,0,48,33,"68,75"
2024,MARZO,EMPRESA SOCIAL DEL ESTADO HOSPITAL FRANCISCO VALDERRAMA,ANTIOQUIA,TURBO,2,2,0,48,47,"97,92"
2024,MARZO,EMPRESA SOCIAL DEL ESTADO HOSPITAL SAN JUAN DE DIOS YARUMAL,ANTIOQUIA,YARUMAL,1,0,0,55,53,"96,36"
2024,MARZO,EMPRESA SOCIAL DEL ESTADO HOSPITAL SAN RAFAEL DE YOLOMBO,ANTIOQUIA,YOLOMBÓ,0,0,0,36,36,"100,00"
2024,ABRIL,PROMOTORA CLINICA ZONA FRANCA DE URABA,ANTIOQUIA,APARTADÓ,24,0,0,403,403,"100,00"
2024,ABRIL,CLINICA ANTIOQUIA - SEDE NORTE,ANTIOQUIA,BELLO,0,0,0,34,26,"76,47"
2024,ABRIL,ESPECIALIDADES MEDICAS METROPOLITANAS S.A.S.,ANTIOQUIA,BELLO,0,0,0,46,30,"65,22"
2024,ABRIL,FUNDACION CLINICA DEL NORTE,ANTIOQUIA,BELLO,0,0,0,147,147,"100,00"
2024,ABRIL,EMPRESA SOCIAL DEL ESTADO HOSPITAL MARCO FIDEL SUAREZ,ANTIOQUIA,BELLO,0,0,0,214,214,"100,00"
2024,ABRIL,E.S.E HOSPITAL SAN VICENTE DE PAUL DE CALDAS,ANTIOQUIA,CALDAS,0,0,0,18,18,"100,00"
2024,ABRIL,CLINICA PAJONAL LIMITADA,ANTIOQUIA,CAUCASIA,0,0,0,70,70,"100,00"
2024,ABRIL,ESE HOSPITAL CESAR URIBE PIEDRAHITA,ANTIOQUIA,CAUCASIA,3,0,0,39,39,"100,00"
2024,ABRIL,UNLAB SOMA sede Chigorodó,ANTIOQUIA,CHIGORODÓ,1,0,0,15,16,"106,67"
2024,ABRIL,E.S.E HOSPITAL LA MERCED DE CIUDAD BOLIVAR,ANTIOQUIA,CIUDAD BOLÍVAR,2,2,0,8,24,"300,00"
2024,ABRIL,CLINICA DE LA POLICIA REGIONAL VALLE DE ABURRA,ANTIOQUIA,ENVIGADO,0,0,0,21,21,"100,00"
2024,ABRIL,LABORATORIO MEDICO LAS AMERICAS SEDE SUR,ANTIOQUIA,ENVIGADO,4,4,0,168,116,"69,05"
2024,ABRIL,HOSPITAL MANUEL URIBE ANGEL E.S.E,ANTIOQUIA,ENVIGADO,8,18,0,562,498,"88,61"
2024,ABRIL,CENTRO ONCOLOGICO DE ANTIOQUIA S.A.,ANTIOQUIA,ENVIGADO,20,0,0,373,264,"70,78"
2024,ABRIL,E.S.E. HOSPITAL SAN RAFAEL DE ITAGUI,ANTIOQUIA,ITAGUI,0,0,0,24,24,"100,00"
2024,ABRIL,CLINICA ANTIOQUIA S.A.,ANTIOQUIA,ITAGUI,0,0,0,174,129,"74,14"
2024,ABRIL,CLINICA SAN JUAN DE DIOS LA CEJA,ANTIOQUIA,LA CEJA,1,0,0,43,43,"100,00"
2024,ABRIL,MESSER COLOMBIA S.A. AGENCIA REMEO CENTER MEDELLIN,ANTIOQUIA,MEDELLÍN,0,0,0,1,2,"200,00"
2024,ABRIL,CORPORACION HOSPITAL INFANTIL CONCEJO DE MEDELLIN,ANTIOQUIA,MEDELLÍN,0,0,0,2,2,"100,00"
2024,ABRIL,LABORATORIO MEDICO ECHAVARRIA S.A.S SEDE TORRE MEDICA SALUD VEGAS,ANTIOQUIA,MEDELLÍN,0,0,0,2,2,"100,00"
2024,ABRIL,CEDIMED POBLADO,ANTIOQUIA,MEDELLÍN,0,0,0,8,8,"100,00"
2024,ABRIL,SYNLAB SEDE INTERQUIROFANOS,ANTIOQUIA,MEDELLÍN,0,0,0,18,10,"55,56"
2024,ABRIL,FUNDACION INSTITUTO NEUROLOGICO DE COLOMBIA,ANTIOQUIA,MEDELLÍN,0,0,0,22,22,"100,00"
2024,ABRIL,SYNLAB SEDE EL TESORO,ANTIOQUIA,MEDELLÍN,0,0,0,27,27,"100,00"
2024,ABRIL,UNIDAD HOSPITALARIA DE CASTILLA JAIME TOBON ARBELAEZ,ANTIOQUIA,MEDELLÍN,0,0,0,28,26,"92,86"
2024,ABRIL,INSTITUTO DEL CORAZON S.A.S,ANTIOQUIA,MEDELLÍN,0,0,0,34,34,"100,00"
2024,ABRIL,UNIDAD HOSPITALARIA SANTA CRUZ VICTOR CARDENAS JARAMILLO,ANTIOQUIA,MEDELLÍN,0,0,0,43,38,"88,37"
2024,ABRIL,UNIDAD HOSPITALARIA NUEVO OCCIDENTE,ANTIOQUIA,MEDELLÍN,0,0,0,45,45,"100,00"
2024,ABRIL,UNIDAD HOSPITALARIA DE BELEN HECTOR ABAD GOMEZ,ANTIOQUIA,MEDELLÍN,0,0,0,54,48,"88,89"
2024,ABRIL,CLINICA CENTRAL FUNDADORES,ANTIOQUIA,MEDELLÍN,0,0,0,84,84,"100,00"
2024,ABRIL,LABORATORIO MEDICO DE REFERENCIA,ANTIOQUIA,MEDELLÍN,0,0,0,117,117,"100,00"
2024,ABRIL,IPS SAN MARCOS DE LEON NORTE S.A.S,ANTIOQUIA,MEDELLÍN,0,0,0,245,171,"69,80"
2024,ABRIL,CLINICA CARDIO VID,ANTIOQUIA,MEDELLÍN,0,0,0,477,331,"69,39"
2024,ABRIL,UNIDAD HOSPITALARIA DE MANRRIQUE HERMENEGILDO DE FEX,ANTIOQUIA,MEDELLÍN,2,1,0,43,77,"179,07"
2024,ABRIL,LABORATORIO MEDICO DE REFERENCIA SEDE EL TESORO,ANTIOQUIA,MEDELLÍN,5,0,0,214,127,"59,35"
2024,ABRIL,CLINICA VIDA SEDE HOSPITALARIA,ANTIOQUIA,MEDELLÍN,5,0,0,482,482,"100,00"
2024,ABRIL,IPS UNIVERSITARIA SEDE CLINICA LEON XIII,ANTIOQUIA,MEDELLÍN,6,6,0,807,600,"74,35"
2024,ABRIL,CLINICA UNIVERSITARIA BOLIVARIANA,ANTIOQUIA,MEDELLÍN,7,7,0,130,161,"123,85"
2024,ABRIL,CLINICA MEDELLIN SEDE OCCIDENTE,ANTIOQUIA,MEDELLÍN,8,0,0,318,337,"105,97"
2024,ABRIL,E.S.E. HOSPITAL LA MARIA,ANTIOQUIA,MEDELLÍN,10,0,0,267,259,"97,00"
2024,ABRIL,LABORATORIO TEST,ANTIOQUIA,MEDELLÍN,11,0,0,265,176,"66,42"
2024,ABRIL,NUEVA CLINICA SAGRADO CORAZON S.A.S,ANTIOQUIA,MEDELLÍN,12,0,0,303,276,"91,09"
2024,ABRIL,INVERSIONES MEDICAS DE ANTIOQUIA S.A. CLINICA LAS VEGAS,ANTIOQUIA,MEDELLÍN,16,0,0,387,261,"67,44"
2024,ABRIL,CORPORACION PARA ESTUDIOS EN SALUD CLINICA CES,ANTIOQUIA,MEDELLÍN,18,0,0,280,240,"85,71"
2024,ABRIL,PROMOTORA MEDICA LAS AMERICAS S.A,ANTIOQUIA,MEDELLÍN,20,20,0,1017,724,"71,19"
2024,ABRIL,HOSPITAL PABLO TOBON URIBE,ANTIOQUIA,MEDELLÍN,20,20,0,1156,892,"77,16"
2024,ABRIL,SYNLAB SEDE CIUDAD DEL RIO,ANTIOQUIA,MEDELLÍN,31,31,0,512,210,"41,02"
2024,ABRIL,HOSPITAL GENERAL DE MEDELLIN LUZ CASTRO DE GUTIERREZ E.S.E,ANTIOQUIA,MEDELLÍN,44,0,0,531,502,"94,54"
2024,ABRIL,FUNDACION HOSPITALARIA SAN VICENTE DE PAUL,ANTIOQUIA,MEDELLÍN,101,0,0,1307,857,"65,57"
2024,ABRIL,CLINICA GENEZEN S.A.S SEDE PUERTO BERRIO,ANTIOQUIA,PUERTO BERRÍO,0,0,0,26,26,"100,00"
2024,ABRIL,HOSPITAL SAN JUAN DE DIOS E.S.E RIONEGRO - ANTIOQUIA,ANTIOQUIA,RIONEGRO,2,2,0,115,103,"89,57"
2024,ABRIL,SOCIEDAD MEDICA RIONEGRO S.A. SOMER S.A,ANTIOQUIA,RIONEGRO,33,33,0,663,520,"78,43"
2024,ABRIL,FUNDACION HOSPITAL SAN VICENTE DE PAUL RIONEGRO,ANTIOQUIA,RIONEGRO,61,61,0,345,343,"99,42"
2024,ABRIL,E.S.E HOSPITAL SAN JUAN DE DIOS ANTIOQUIA,ANTIOQUIA,SANTAFÉ DE ANTIOQUIA,10,10,0,59,56,"94,92"
2024,ABRIL,EMPRESA SOCIAL DEL ESTADO HOSPITAL FRANCISCO VALDERRAMA,ANTIOQUIA,TURBO,2,0,2,28,28,"100,00"
2024,ABRIL,EMPRESA SOCIAL DEL ESTADO HOSPITAL SAN JUAN DE DIOS YARUMAL,ANTIOQUIA,YARUMAL,1,0,0,65,66,"101,54"
2024,ABRIL,EMPRESA SOCIAL DEL ESTADO HOSPITAL SAN RAFAEL DE YOLOMBO,ANTIOQUIA,YOLOMBÓ,0,0,0,40,40,"100,00"
2024,MAYO,CLINICA CENTRAL FUNDADORES APARTADO,ANTIOQUIA,APARTADÓ,0,0,0,53,53,"100,00"
2024,MAYO,PROMOTORA CLINICA ZONA FRANCA DE URABA,ANTIOQUIA,APARTADÓ,15,0,0,326,245,"75,15"
2024,MAYO,CLINICA ANTIOQUIA - SEDE NORTE,ANTIOQUIA,BELLO,0,0,0,11,11,"100,00"
2024,MAYO,ESPECIALIDADES MEDICAS METROPOLITANAS S.A.S.,ANTIOQUIA,BELLO,0,0,0,56,56,"100,00"
2024,MAYO,FUNDACION CLINICA DEL NORTE,ANTIOQUIA,BELLO,0,0,0,123,123,"100,00"
2024,MAYO,EMPRESA SOCIAL DEL ESTADO HOSPITAL MARCO FIDEL SUAREZ,ANTIOQUIA,BELLO,0,0,0,247,237,"95,95"
2024,MAYO,E.S.E HOSPITAL SAN VICENTE DE PAUL DE CALDAS,ANTIOQUIA,CALDAS,0,0,0,29,25,"86,21"
2024,MAYO,CLINICA PAJONAL LIMITADA,ANTIOQUIA,CAUCASIA,0,0,0,34,34,"100,00"
2024,MAYO,ESE HOSPITAL CESAR URIBE PIEDRAHITA,ANTIOQUIA,CAUCASIA,2,0,0,39,39,"100,00"
2024,MAYO,UNLAB SOMA sede Chigorodó,ANTIOQUIA,CHIGORODÓ,0,0,0,10,10,"100,00"
2024,MAYO,E.S.E HOSPITAL LA MERCED DE CIUDAD BOLIVAR,ANTIOQUIA,CIUDAD BOLÍVAR,0,0,0,7,14,"200,00"
2024,MAYO,CLINICA DE LA POLICIA REGIONAL VALLE DE ABURRA,ANTIOQUIA,ENVIGADO,0,0,0,21,21,"100,00"
2024,MAYO,LABORATORIO MEDICO LAS AMERICAS SEDE SUR,ANTIOQUIA,ENVIGADO,1,1,0,147,118,"80,27"
2024,MAYO,CENTRO ONCOLOGICO DE ANTIOQUIA S.A.,ANTIOQUIA,ENVIGADO,8,0,0,540,316,"58,52"
2024,MAYO,HOSPITAL MANUEL URIBE ANGEL E.S.E,ANTIOQUIA,ENVIGADO,26,1,0,484,475,"98,14"
2024,MAYO,E.S.E. HOSPITAL SAN RAFAEL DE ITAGUI,ANTIOQUIA,ITAGUI,0,0,0,21,21,"100,00"
2024,MAYO,CLINICA ANTIOQUIA S.A.,ANTIOQUIA,ITAGUI,0,0,0,151,119,"78,81"
2024,MAYO,CLINICA SAN JUAN DE DIOS LA CEJA,ANTIOQUIA,LA CEJA,6,0,0,55,53,"96,36"
2024,MAYO,CEDIMED POBLADO,ANTIOQUIA,MEDELLÍN,0,0,0,2,2,"100,00"
2024,MAYO,MESSER COLOMBIA S.A. AGENCIA REMEO CENTER MEDELLIN,ANTIOQUIA,MEDELLÍN,0,0,0,2,2,"100,00"
2024,MAYO,LABORATORIO MEDICO ECHAVARRIA S.A.S SEDE TORRE MEDICA SALUD VEGAS,ANTIOQUIA,MEDELLÍN,0,0,0,3,3,"100,00"
2024,MAYO,CORPORACION HOSPITAL INFANTIL CONCEJO DE MEDELLIN,ANTIOQUIA,MEDELLÍN,0,0,0,5,6,"120,00"
2024,MAYO,UNIDAD HOSPITALARIA SANTA CRUZ VICTOR CARDENAS JARAMILLO,ANTIOQUIA,MEDELLÍN,0,0,0,6,6,"100,00"
2024,MAYO,SYNLAB SEDE EL TESORO,ANTIOQUIA,MEDELLÍN,0,0,0,10,10,"100,00"
2024,MAYO,UNIDAD HOSPITALARIA DE CASTILLA JAIME TOBON ARBELAEZ,ANTIOQUIA,MEDELLÍN,0,0,0,18,18,"100,00"
2024,MAYO,SYNLAB SEDE INTERQUIROFANOS,ANTIOQUIA,MEDELLÍN,0,0,0,20,11,"55,00"
2024,MAYO,FUNDACION INSTITUTO NEUROLOGICO DE COLOMBIA,ANTIOQUIA,MEDELLÍN,0,0,0,25,19,"76,00"
2024,MAYO,INSTITUTO DEL CORAZON S.A.S,ANTIOQUIA,MEDELLÍN,0,0,0,31,31,"100,00"
2024,MAYO,UNIDAD HOSPITALARIA NUEVO OCCIDENTE,ANTIOQUIA,MEDELLÍN,0,0,0,35,35,"100,00"
2024,MAYO,CLINICA CENTRAL FUNDADORES,ANTIOQUIA,MEDELLÍN,0,0,0,81,81,"100,00"
2024,MAYO,LABORATORIO MEDICO DE REFERENCIA,ANTIOQUIA,MEDELLÍN,0,0,0,105,105,"100,00"
2024,MAYO,IPS SAN MARCOS DE LEON NORTE S.A.S,ANTIOQUIA,MEDELLÍN,0,0,0,180,140,"77,78"
2024,MAYO,CLINICA CARDIO VID,ANTIOQUIA,MEDELLÍN,0,5,0,494,381,"77,13"
2024,MAYO,UNIDAD HOSPITALARIA DE MANRRIQUE HERMENEGILDO DE FEX,ANTIOQUIA,MEDELLÍN,2,0,0,38,38,"100,00"
2024,MAYO,UNIDAD HOSPITALARIA DE BELEN HECTOR ABAD GOMEZ,ANTIOQUIA,MEDELLÍN,3,0,0,48,46,"95,83"
2024,MAYO,LABORATORIO TEST,ANTIOQUIA,MEDELLÍN,6,0,0,231,139,"60,17"
2024,MAYO,LABORATORIO MEDICO DE REFERENCIA SEDE EL TESORO,ANTIOQUIA,MEDELLÍN,7,0,0,230,164,"71,30"
2024,MAYO,CLINICA UNIVERSITARIA BOLIVARIANA,ANTIOQUIA,MEDELLÍN,7,7,0,106,138,"130,19"
2024,MAYO,NUEVA CLINICA SAGRADO CORAZON S.A.S,ANTIOQUIA,MEDELLÍN,8,8,0,202,202,"100,00"
2024,MAYO,CLINICA VIDA SEDE HOSPITALARIA,ANTIOQUIA,MEDELLÍN,8,8,0,481,481,"100,00"
2024,MAYO,INVERSIONES MEDICAS DE ANTIOQUIA S.A. CLINICA LAS VEGAS,ANTIOQUIA,MEDELLÍN,12,0,0,342,270,"78,95"
2024,MAYO,CLINICA MEDELLIN SEDE OCCIDENTE,ANTIOQUIA,MEDELLÍN,12,0,0,820,393,"47,93"
2024,MAYO,CORPORACION PARA ESTUDIOS EN SALUD CLINICA CES,ANTIOQUIA,MEDELLÍN,13,0,0,289,229,"79,24"
2024,MAYO,IPS UNIVERSITARIA SEDE CLINICA LEON XIII,ANTIOQUIA,MEDELLÍN,21,21,0,987,727,"73,66"
2024,MAYO,HOSPITAL PABLO TOBON URIBE,ANTIOQUIA,MEDELLÍN,22,22,0,1187,834,"70,26"
2024,MAYO,HOSPITAL GENERAL DE MEDELLIN LUZ CASTRO DE GUTIERREZ E.S.E,ANTIOQUIA,MEDELLÍN,30,0,0,415,403,"97,11"
2024,MAYO,PROMOTORA MEDICA LAS AMERICAS S.A,ANTIOQUIA,MEDELLÍN,35,35,0,1054,729,"69,17"
2024,MAYO,SYNLAB SEDE CIUDAD DEL RIO,ANTIOQUIA,MEDELLÍN,36,36,0,345,152,"44,06"
2024,MAYO,FUNDACION HOSPITALARIA SAN VICENTE DE PAUL,ANTIOQUIA,MEDELLÍN,95,0,0,1297,798,"61,53"
2024,MAYO,CLINICA GENEZEN S.A.S SEDE PUERTO BERRIO,ANTIOQUIA,PUERTO BERRÍO,0,0,0,6,6,"100,00"
2024,MAYO,SOCIEDAD MEDICA RIONEGRO S.A. SOMER S.A,ANTIOQUIA,RIONEGRO,0,29,0,635,434,"68,35"
2024,MAYO,HOSPITAL SAN JUAN DE DIOS E.S.E RIONEGRO - ANTIOQUIA,ANTIOQUIA,RIONEGRO,12,12,0,147,147,"100,00"
2024,MAYO,FUNDACION HOSPITAL SAN VICENTE DE PAUL RIONEGRO,ANTIOQUIA,RIONEGRO,27,27,0,348,288,"82,76"
2024,MAYO,E.S.E HOSPITAL SAN JUAN DE DIOS ANTIOQUIA,ANTIOQUIA,SANTAFÉ DE ANTIOQUIA,3,3,0,59,59,"100,00"
2024,MAYO,EMPRESA SOCIAL DEL ESTADO HOSPITAL FRANCISCO VALDERRAMA,ANTIOQUIA,TURBO,0,0,0,34,32,"94,12"
2024,MAYO,EMPRESA SOCIAL DEL ESTADO HOSPITAL SAN JUAN DE DIOS YARUMAL,ANTIOQUIA,YARUMAL,4,0,0,54,58,"107,41"
2024,MAYO,EMPRESA SOCIAL DEL ESTADO HOSPITAL SAN RAFAEL DE YOLOMBO,ANTIOQUIA,YOLOMBÓ,4,0,0,56,60,"107,14"
2024,JUNIO,PROMOTORA CLINICA ZONA FRANCA DE URABA,ANTIOQUIA,APARTADÓ,16,0,0,298,298,"100,00"
2024,JUNIO,CLINICA ANTIOQUIA - SEDE NORTE,ANTIOQUIA,BELLO,0,0,0,15,13,"86,67"
2024,JUNIO,ESPECIALIDADES MEDICAS METROPOLITANAS S.A.S.,ANTIOQUIA,BELLO,0,0,0,53,53,"100,00"
2024,JUNIO,FUNDACION CLINICA DEL NORTE,ANTIOQUIA,BELLO,0,0,0,125,125,"100,00"
2024,JUNIO,EMPRESA SOCIAL DEL ESTADO HOSPITAL MARCO FIDEL SUAREZ,ANTIOQUIA,BELLO,0,0,0,212,230,"108,49"
2024,JUNIO,E.S.E HOSPITAL SAN VICENTE DE PAUL DE CALDAS,ANTIOQUIA,CALDAS,10,0,0,34,32,"94,12"
2024,JUNIO,CLINICA PAJONAL LIMITADA,ANTIOQUIA,CAUCASIA,0,39,39,39,38,"97,44"
2024,JUNIO,ESE HOSPITAL CESAR URIBE PIEDRAHITA,ANTIOQUIA,CAUCASIA,5,0,0,55,55,"100,00"
2024,JUNIO,UNLAB SOMA sede Chigorodó,ANTIOQUIA,CHIGORODÓ,0,0,0,25,25,"100,00"
2024,JUNIO,E.S.E HOSPITAL LA MERCED DE CIUDAD BOLIVAR,ANTIOQUIA,CIUDAD BOLÍVAR,2,2,2,18,20,"111,11"
2024,JUNIO,CLINICA DE LA POLICIA REGIONAL VALLE DE ABURRA,ANTIOQUIA,ENVIGADO,0,0,0,20,20,"100,00"
2024,JUNIO,LABORATORIO MEDICO LAS AMERICAS SEDE SUR,ANTIOQUIA,ENVIGADO,3,3,0,114,88,"77,19"
2024,JUNIO,CENTRO ONCOLOGICO DE ANTIOQUIA S.A.,ANTIOQUIA,ENVIGADO,13,0,0,299,262,"87,63"
2024,JUNIO,HOSPITAL MANUEL URIBE ANGEL E.S.E,ANTIOQUIA,ENVIGADO,13,29,0,397,414,"104,28"
2024,JUNIO,ANGIOSUR S.A.S.,ANTIOQUIA,ITAGUI,0,0,0,12,12,"100,00"
2024,JUNIO,E.S.E. HOSPITAL SAN RAFAEL DE ITAGUI,ANTIOQUIA,ITAGUI,0,0,0,13,13,"100,00"
2024,JUNIO,CLINICA ANTIOQUIA S.A.,ANTIOQUIA,ITAGUI,5,0,0,237,140,"59,07"
2024,JUNIO,CLINICA SAN JUAN DE DIOS LA CEJA,ANTIOQUIA,LA CEJA,4,0,0,51,50,"98,04"
2024,JUNIO,CLINICA DE CIRUGIA AMBULATORIA CONQUISTADORES,ANTIOQUIA,MEDELLÍN,0,0,0,2,0,"0,00"
2024,JUNIO,SYNLAB SEDE EL TESORO,ANTIOQUIA,MEDELLÍN,0,0,0,12,12,"100,00"
2024,JUNIO,UNIDAD HOSPITALARIA SANTA CRUZ VICTOR CARDENAS JARAMILLO,ANTIOQUIA,MEDELLÍN,0,0,0,13,13,"100,00"
2024,JUNIO,CEDIMED POBLADO,ANTIOQUIA,MEDELLÍN,0,0,0,15,15,"100,00"
2024,JUNIO,SYNLAB SEDE INTERQUIROFANOS,ANTIOQUIA,MEDELLÍN,0,0,0,18,11,"61,11"
2024,JUNIO,UNIDAD HOSPITALARIA DE CASTILLA JAIME TOBON ARBELAEZ,ANTIOQUIA,MEDELLÍN,0,0,0,19,19,"100,00"
2024,JUNIO,INSTITUTO DEL CORAZON S.A.S,ANTIOQUIA,MEDELLÍN,0,0,0,32,32,"100,00"
2024,JUNIO,FUNDACION INSTITUTO NEUROLOGICO DE COLOMBIA,ANTIOQUIA,MEDELLÍN,0,0,0,35,28,"80,00"
2024,JUNIO,UNIDAD HOSPITALARIA NUEVO OCCIDENTE,ANTIOQUIA,MEDELLÍN,0,0,0,42,42,"100,00"
2024,JUNIO,UNIDAD HOSPITALARIA DE BELEN HECTOR ABAD GOMEZ,ANTIOQUIA,MEDELLÍN,0,0,0,56,46,"82,14"
2024,JUNIO,CLINICA CENTRAL FUNDADORES,ANTIOQUIA,MEDELLÍN,0,0,0,101,101,"100,00"
2024,JUNIO,IPS SAN MARCOS DE LEON NORTE S.A.S,ANTIOQUIA,MEDELLÍN,0,0,0,154,106,"68,83"
2024,JUNIO,CLINICA CARDIO VID,ANTIOQUIA,MEDELLÍN,0,0,0,453,311,"68,65"
2024,JUNIO,LABORATORIO MEDICO DE REFERENCIA,ANTIOQUIA,MEDELLÍN,0,87,0,87,87,"100,00"
2024,JUNIO,UNIDAD HOSPITALARIA DE MANRRIQUE HERMENEGILDO DE FEX,ANTIOQUIA,MEDELLÍN,2,2,0,41,41,"100,00"
2024,JUNIO,NUEVA CLINICA SAGRADO CORAZON S.A.S,ANTIOQUIA,MEDELLÍN,3,2,0,169,175,"103,55"
2024,JUNIO,CLINICA MEDELLIN SEDE OCCIDENTE,ANTIOQUIA,MEDELLÍN,4,0,0,550,262,"47,64"
2024,JUNIO,CLINICA VIDA SEDE HOSPITALARIA,ANTIOQUIA,MEDELLÍN,7,0,0,849,376,"44,29"
2024,JUNIO,IPS UNIVERSITARIA SEDE CLINICA LEON XIII,ANTIOQUIA,MEDELLÍN,7,7,0,745,611,"82,01"
2024,JUNIO,CLINICA UNIVERSITARIA BOLIVARIANA,ANTIOQUIA,MEDELLÍN,10,10,0,141,173,"122,70"
2024,JUNIO,INVERSIONES MEDICAS DE ANTIOQUIA S.A. CLINICA LAS VEGAS,ANTIOQUIA,MEDELLÍN,10,10,0,336,270,"80,36"
2024,JUNIO,LABORATORIO MEDICO DE REFERENCIA SEDE EL TESORO,ANTIOQUIA,MEDELLÍN,17,17,0,249,181,"72,69"
2024,JUNIO,LABORATORIO TEST,ANTIOQUIA,MEDELLÍN,21,0,0,212,173,"81,60"
2024,JUNIO,SYNLAB SEDE CIUDAD DEL RIO,ANTIOQUIA,MEDELLÍN,22,22,0,348,136,"39,08"
2024,JUNIO,HOSPITAL PABLO TOBON URIBE,ANTIOQUIA,MEDELLÍN,37,37,0,1285,1001,"77,90"
2024,JUNIO,HOSPITAL GENERAL DE MEDELLIN LUZ CASTRO DE GUTIERREZ E.S.E,ANTIOQUIA,MEDELLÍN,38,0,0,439,415,"94,53"
2024,JUNIO,PROMOTORA MEDICA LAS AMERICAS S.A,ANTIOQUIA,MEDELLÍN,38,38,0,970,681,"70,21"
2024,JUNIO,CORPORACION PARA ESTUDIOS EN SALUD CLINICA CES,ANTIOQUIA,MEDELLÍN,47,47,0,289,276,"95,50"
2024,JUNIO,FUNDACION HOSPITALARIA SAN VICENTE DE PAUL,ANTIOQUIA,MEDELLÍN,106,0,0,1144,774,"67,66"
2024,JUNIO,CLINICA GENEZEN S.A.S SEDE PUERTO BERRIO,ANTIOQUIA,PUERTO BERRÍO,0,0,0,8,8,"100,00"
2024,JUNIO,SOCIEDAD MEDICA RIONEGRO S.A. SOMER S.A,ANTIOQUIA,RIONEGRO,0,32,0,681,417,"61,23"
2024,JUNIO,HOSPITAL SAN JUAN DE DIOS E.S.E RIONEGRO - ANTIOQUIA,ANTIOQUIA,RIONEGRO,6,6,0,146,152,"104,11"
2024,JUNIO,FUNDACION HOSPITAL SAN VICENTE DE PAUL RIONEGRO,ANTIOQUIA,RIONEGRO,18,18,0,325,320,"98,46"
2024,JUNIO,E.S.E HOSPITAL SAN JUAN DE DIOS ANTIOQUIA,ANTIOQUIA,SANTAFÉ DE ANTIOQUIA,3,3,0,57,55,"96,49"
2024,JUNIO,EMPRESA SOCIAL DEL ESTADO HOSPITAL FRANCISCO VALDERRAMA,ANTIOQUIA,TURBO,0,0,0,26,26,"100,00"
2024,JUNIO,EMPRESA SOCIAL DEL ESTADO HOSPITAL SAN JUAN DE DIOS YARUMAL,ANTIOQUIA,YARUMAL,8,0,0,61,68,"111,48"
2024,JUNIO,EMPRESA SOCIAL DEL ESTADO HOSPITAL SAN RAFAEL DE YOLOMBO,ANTIOQUIA,YOLOMBÓ,0,0,0,24,24,"100,00"
2024,JULIO,PROMOTORA CLINICA ZONA FRANCA DE URABA,ANTIOQUIA,APARTADÓ,0,0,0,418,418,"100,00"
2024,JULIO,CLINICA CENTRAL FUNDADORES APARTADO,ANTIOQUIA,APARTADÓ,1,0,0,46,46,"100,00"
2024,JULIO,CLINICA ANTIOQUIA - SEDE NORTE,ANTIOQUIA,BELLO,0,0,0,41,41,"100,00"
2024,JULIO,ESPECIALIDADES MEDICAS METROPOLITANAS S.A.S.,ANTIOQUIA,BELLO,0,0,0,57,57,"100,00"
2024,JULIO,FUNDACION CLINICA DEL NORTE,ANTIOQUIA,BELLO,0,0,0,122,122,"100,00"
2024,JULIO,EMPRESA SOCIAL DEL ESTADO HOSPITAL MARCO FIDEL SUAREZ,ANTIOQUIA,BELLO,0,0,0,261,260,"99,62"
2024,JULIO,E.S.E HOSPITAL SAN VICENTE DE PAUL DE CALDAS,ANTIOQUIA,CALDAS,0,0,0,31,31,"100,00"
2024,JULIO,CLINICA PAJONAL LIMITADA,ANTIOQUIA,CAUCASIA,0,0,0,51,51,"100,00"
2024,JULIO,ESE HOSPITAL CESAR URIBE PIEDRAHITA,ANTIOQUIA,CAUCASIA,1,0,0,37,37,"100,00"
2024,JULIO,UNLAB SOMA sede Chigorodó,ANTIOQUIA,CHIGORODÓ,0,0,0,12,12,"100,00"
2024,JULIO,E.S.E HOSPITAL LA MERCED DE CIUDAD BOLIVAR,ANTIOQUIA,CIUDAD BOLÍVAR,0,0,0,9,18,"200,00"
2024,JULIO,CLINICA DE LA POLICIA REGIONAL VALLE DE ABURRA,ANTIOQUIA,ENVIGADO,0,0,0,32,32,"100,00"
2024,JULIO,LABORATORIO MEDICO LAS AMERICAS SEDE SUR,ANTIOQUIA,ENVIGADO,7,7,0,192,144,"75,00"
2024,JULIO,CENTRO ONCOLOGICO DE ANTIOQUIA S.A.,ANTIOQUIA,ENVIGADO,9,0,0,397,289,"72,80"
2024,JULIO,HOSPITAL MANUEL URIBE ANGEL E.S.E,ANTIOQUIA,ENVIGADO,22,46,0,514,467,"90,86"
2024,JULIO,E.S.E. HOSPITAL SAN RAFAEL DE ITAGUI,ANTIOQUIA,ITAGUI,0,0,0,18,18,"100,00"
2024,JULIO,CLINICA ANTIOQUIA S.A.,ANTIOQUIA,ITAGUI,0,0,0,150,150,"100,00"
2024,JULIO,CLINICA SAN JUAN DE DIOS LA CEJA,ANTIOQUIA,LA CEJA,0,0,0,45,45,"100,00"
2024,JULIO,CEDIMED POBLADO,ANTIOQUIA,MEDELLÍN,0,0,0,9,9,"100,00"
2024,JULIO,MESSER COLOMBIA S.A. AGENCIA REMEO CENTER MEDELLIN,ANTIOQUIA,MEDELLÍN,0,0,0,11,11,"100,00"
2024,JULIO,SYNLAB SEDE EL TESORO,ANTIOQUIA,MEDELLÍN,0,0,0,12,12,"100,00"
2024,JULIO,SYNLAB SEDE INTERQUIROFANOS,ANTIOQUIA,MEDELLÍN,0,0,0,14,12,"85,71"
2024,JULIO,UNIDAD HOSPITALARIA DE CASTILLA JAIME TOBON ARBELAEZ,ANTIOQUIA,MEDELLÍN,0,0,0,16,16,"100,00"
2024,JULIO,UNIDAD HOSPITALARIA SANTA CRUZ VICTOR CARDENAS JARAMILLO,ANTIOQUIA,MEDELLÍN,0,0,0,21,19,"90,48"
2024,JULIO,UNIDAD HOSPITALARIA DE BELEN HECTOR ABAD GOMEZ,ANTIOQUIA,MEDELLÍN,0,0,0,22,19,"86,36"
2024,JULIO,FUNDACION INSTITUTO NEUROLOGICO DE COLOMBIA,ANTIOQUIA,MEDELLÍN,0,0,0,25,20,"80,00"
2024,JULIO,UNIDAD HOSPITALARIA NUEVO OCCIDENTE,ANTIOQUIA,MEDELLÍN,0,0,0,47,42,"89,36"
2024,JULIO,INSTITUTO DEL CORAZON S.A.S,ANTIOQUIA,MEDELLÍN,0,0,0,51,51,"100,00"
2024,JULIO,CLINICA CENTRAL FUNDADORES,ANTIOQUIA,MEDELLÍN,0,0,0,74,74,"100,00"
2024,JULIO,IPS SAN MARCOS DE LEON NORTE S.A.S,ANTIOQUIA,MEDELLÍN,0,0,0,151,131,"86,75"
2024,JULIO,E.S.E. HOSPITAL LA MARIA,ANTIOQUIA,MEDELLÍN,0,0,0,208,208,"100,00"
2024,JULIO,IPS UNIVERSITARIA SEDE CLINICA LEON XIII,ANTIOQUIA,MEDELLÍN,0,0,0,756,595,"78,70"
2024,JULIO,CLINICA CARDIO VID,ANTIOQUIA,MEDELLÍN,0,9,0,497,370,"74,45"
2024,JULIO,UNIDAD HOSPITALARIA DE MANRRIQUE HERMENEGILDO DE FEX,ANTIOQUIA,MEDELLÍN,3,3,0,18,17,"94,44"
2024,JULIO,NUEVA CLINICA SAGRADO CORAZON S.A.S,ANTIOQUIA,MEDELLÍN,5,0,0,271,235,"86,72"
2024,JULIO,LABORATORIO TEST,ANTIOQUIA,MEDELLÍN,6,0,0,164,131,"79,88"
2024,JULIO,LABORATORIO MEDICO DE REFERENCIA,ANTIOQUIA,MEDELLÍN,8,8,0,101,99,"98,02"
2024,JULIO,LABORATORIO MEDICO DE REFERENCIA SEDE EL TESORO,ANTIOQUIA,MEDELLÍN,9,9,0,260,173,"66,54"
2024,JULIO,CLINICA MEDELLIN SEDE OCCIDENTE,ANTIOQUIA,MEDELLÍN,10,0,0,500,254,"50,80"
2024,JULIO,SYNLAB SEDE CIUDAD DEL RIO,ANTIOQUIA,MEDELLÍN,10,10,0,356,171,"48,03"
2024,JULIO,CORPORACION PARA ESTUDIOS EN SALUD CLINICA CES,ANTIOQUIA,MEDELLÍN,12,12,0,256,231,"90,23"
2024,JULIO,INVERSIONES MEDICAS DE ANTIOQUIA S.A. CLINICA LAS VEGAS,ANTIOQUIA,MEDELLÍN,13,13,0,330,227,"68,79"
2024,JULIO,PROMOTORA MEDICA LAS AMERICAS S.A,ANTIOQUIA,MEDELLÍN,16,16,0,867,618,"71,28"
2024,JULIO,CLINICA VIDA SEDE HOSPITALARIA,ANTIOQUIA,MEDELLÍN,21,0,0,940,480,"51,06"
2024,JULIO,HOSPITAL PABLO TOBON URIBE,ANTIOQUIA,MEDELLÍN,29,29,0,1262,920,"72,90"
2024,JULIO,CLINICA UNIVERSITARIA BOLIVARIANA,ANTIOQUIA,MEDELLÍN,35,35,0,191,237,"124,08"
2024,JULIO,HOSPITAL GENERAL DE MEDELLIN LUZ CASTRO DE GUTIERREZ E.S.E,ANTIOQUIA,MEDELLÍN,44,0,0,494,479,"96,96"
2024,JULIO,FUNDACION HOSPITALARIA SAN VICENTE DE PAUL,ANTIOQUIA,MEDELLÍN,88,0,0,1299,1756,"135,18"
2024,JULIO,CLINICA GENEZEN S.A.S SEDE PUERTO BERRIO,ANTIOQUIA,PUERTO BERRÍO,3,0,0,11,14,"127,27"
2024,JULIO,SOCIEDAD MEDICA RIONEGRO S.A. SOMER S.A,ANTIOQUIA,RIONEGRO,0,28,0,703,517,"73,54"
2024,JULIO,HOSPITAL SAN JUAN DE DIOS E.S.E RIONEGRO - ANTIOQUIA,ANTIOQUIA,RIONEGRO,9,9,0,108,108,"100,00"
2024,JULIO,FUNDACION HOSPITAL SAN VICENTE DE PAUL RIONEGRO,ANTIOQUIA,RIONEGRO,52,52,0,395,372,"94,18"
2024,JULIO,E.S.E HOSPITAL SAN JUAN DE DIOS ANTIOQUIA,ANTIOQUIA,SANTAFÉ DE ANTIOQUIA,3,3,0,58,55,"94,83"
2024,JULIO,EMPRESA SOCIAL DEL ESTADO HOSPITAL FRANCISCO VALDERRAMA,ANTIOQUIA,TURBO,0,0,0,35,35,"100,00"
2024,JULIO,EMPRESA SOCIAL DEL ESTADO HOSPITAL SAN JUAN DE DIOS YARUMAL,ANTIOQUIA,YARUMAL,15,0,0,42,57,"135,71"
2024,JULIO,EMPRESA SOCIAL DEL ESTADO HOSPITAL SAN RAFAEL DE YOLOMBO,ANTIOQUIA,YOLOMBÓ,3,0,0,60,63,"105,00"
2024,AGOSTO,CLINICA CENTRAL FUNDADORES APARTADO,ANTIOQUIA,APARTADÓ,0,0,0,28,28,"100,00"
2024,AGOSTO,PROMOTORA CLINICA ZONA FRANCA DE URABA,ANTIOQUIA,APARTADÓ,22,0,0,360,372,"103,33"
2024,AGOSTO,CLINICA ANTIOQUIA - SEDE NORTE,ANTIOQUIA,BELLO,0,0,0,20,20,"100,00"
2024,AGOSTO,ESPECIALIDADES MEDICAS METROPOLITANAS S.A.S.,ANTIOQUIA,BELLO,0,0,0,32,32,"100,00"
2024,AGOSTO,EMPRESA SOCIAL DEL ESTADO HOSPITAL MARCO FIDEL SUAREZ,ANTIOQUIA,BELLO,0,0,0,149,149,"100,00"
2024,AGOSTO,FUNDACION CLINICA DEL NORTE,ANTIOQUIA,BELLO,0,0,0,177,177,"100,00"
2024,AGOSTO,E.S.E HOSPITAL SAN VICENTE DE PAUL DE CALDAS,ANTIOQUIA,CALDAS,2,0,0,35,35,"100,00"
2024,AGOSTO,ESE HOSPITAL CESAR URIBE PIEDRAHITA,ANTIOQUIA,CAUCASIA,0,0,0,40,40,"100,00"
2024,AGOSTO,CLINICA PAJONAL LIMITADA,ANTIOQUIA,CAUCASIA,0,0,0,44,44,"100,00"
2024,AGOSTO,UNLAB SOMA sede Chigorodó,ANTIOQUIA,CHIGORODÓ,0,0,0,13,13,"100,00"
2024,AGOSTO,E.S.E HOSPITAL LA MERCED DE CIUDAD BOLIVAR,ANTIOQUIA,CIUDAD BOLÍVAR,0,0,0,6,12,"200,00"
2024,AGOSTO,CLINICA DE LA POLICIA REGIONAL VALLE DE ABURRA,ANTIOQUIA,ENVIGADO,0,0,0,21,21,"100,00"
2024,AGOSTO,LABORATORIO MEDICO LAS AMERICAS SEDE SUR,ANTIOQUIA,ENVIGADO,3,3,0,160,126,"78,75"
2024,AGOSTO,CENTRO ONCOLOGICO DE ANTIOQUIA S.A.,ANTIOQUIA,ENVIGADO,13,0,0,419,269,"64,20"
2024,AGOSTO,HOSPITAL MANUEL URIBE ANGEL E.S.E,ANTIOQUIA,ENVIGADO,19,1,0,565,510,"90,27"
2024,AGOSTO,ANGIOSUR S.A.S.,ANTIOQUIA,ITAGUI,0,0,0,3,3,"100,00"
2024,AGOSTO,E.S.E. HOSPITAL SAN RAFAEL DE ITAGUI,ANTIOQUIA,ITAGUI,0,0,0,18,18,"100,00"
2024,AGOSTO,CLINICA ANTIOQUIA S.A.,ANTIOQUIA,ITAGUI,4,6,0,157,157,"100,00"
2024,AGOSTO,CLINICA SAN JUAN DE DIOS LA CEJA,ANTIOQUIA,LA CEJA,14,0,0,56,55,"98,21"
2024,AGOSTO,CEDIMED POBLADO,ANTIOQUIA,MEDELLÍN,0,0,0,4,4,"100,00"
2024,AGOSTO,UNIDAD HOSPITALARIA SANTA CRUZ VICTOR CARDENAS JARAMILLO,ANTIOQUIA,MEDELLÍN,0,0,0,11,11,"100,00"
2024,AGOSTO,SYNLAB SEDE EL TESORO,ANTIOQUIA,MEDELLÍN,0,0,0,16,16,"100,00"
2024,AGOSTO,SYNLAB SEDE INTERQUIROFANOS,ANTIOQUIA,MEDELLÍN,0,0,0,19,14,"73,68"
2024,AGOSTO,MESSER COLOMBIA S.A. AGENCIA REMEO CENTER MEDELLIN,ANTIOQUIA,MEDELLÍN,0,0,0,19,19,"100,00"
2024,AGOSTO,FUNDACION INSTITUTO NEUROLOGICO DE COLOMBIA,ANTIOQUIA,MEDELLÍN,0,0,0,20,18,"90,00"
2024,AGOSTO,UNIDAD HOSPITALARIA DE CASTILLA JAIME TOBON ARBELAEZ,ANTIOQUIA,MEDELLÍN,0,0,0,27,27,"100,00"
2024,AGOSTO,INSTITUTO DEL CORAZON S.A.S,ANTIOQUIA,MEDELLÍN,0,0,0,36,36,"100,00"
2024,AGOSTO,UNIDAD HOSPITALARIA DE BELEN HECTOR ABAD GOMEZ,ANTIOQUIA,MEDELLÍN,0,0,0,40,40,"100,00"
2024,AGOSTO,UNIDAD HOSPITALARIA NUEVO OCCIDENTE,ANTIOQUIA,MEDELLÍN,0,0,0,45,45,"100,00"
2024,AGOSTO,CLINICA CENTRAL FUNDADORES,ANTIOQUIA,MEDELLÍN,0,0,0,81,81,"100,00"
2024,AGOSTO,IPS SAN MARCOS DE LEON NORTE S.A.S,ANTIOQUIA,MEDELLÍN,0,0,0,129,102,"79,07"
2024,AGOSTO,CLINICA MEDELLIN SEDE OCCIDENTE,ANTIOQUIA,MEDELLÍN,0,0,0,500,264,"52,80"
2024,AGOSTO,CLINICA CARDIO VID,ANTIOQUIA,MEDELLÍN,0,8,0,482,354,"73,44"
2024,AGOSTO,IPS UNIVERSITARIA SEDE CLINICA LEON XIII,ANTIOQUIA,MEDELLÍN,2,2,0,772,587,"76,04"
2024,AGOSTO,INVERSIONES MEDICAS DE ANTIOQUIA S.A. CLINICA LAS VEGAS,ANTIOQUIA,MEDELLÍN,3,3,0,307,229,"74,59"
2024,AGOSTO,UNIDAD HOSPITALARIA DE MANRRIQUE HERMENEGILDO DE FEX,ANTIOQUIA,MEDELLÍN,4,4,0,25,25,"100,00"
2024,AGOSTO,LABORATORIO MEDICO DE REFERENCIA SEDE EL TESORO,ANTIOQUIA,MEDELLÍN,4,4,0,201,160,"79,60"
2024,AGOSTO,E.S.E. HOSPITAL LA MARIA,ANTIOQUIA,MEDELLÍN,5,0,0,179,179,"100,00"
2024,AGOSTO,LABORATORIO MEDICO DE REFERENCIA,ANTIOQUIA,MEDELLÍN,5,5,0,60,60,"100,00"
2024,AGOSTO,LABORATORIO TEST,ANTIOQUIA,MEDELLÍN,6,0,0,197,189,"95,94"
2024,AGOSTO,NUEVA CLINICA SAGRADO CORAZON S.A.S,ANTIOQUIA,MEDELLÍN,6,0,0,211,207,"98,10"
2024,AGOSTO,CLINICA UNIVERSITARIA BOLIVARIANA,ANTIOQUIA,MEDELLÍN,12,12,0,196,213,"108,67"
2024,AGOSTO,PROMOTORA MEDICA LAS AMERICAS S.A,ANTIOQUIA,MEDELLÍN,22,22,0,975,663,"68,00"
2024,AGOSTO,CLINICA VIDA SEDE HOSPITALARIA,ANTIOQUIA,MEDELLÍN,27,0,0,1074,520,"48,42"
2024,AGOSTO,SYNLAB SEDE CIUDAD DEL RIO,ANTIOQUIA,MEDELLÍN,28,28,0,327,162,"49,54"
2024,AGOSTO,HOSPITAL PABLO TOBON URIBE,ANTIOQUIA,MEDELLÍN,34,34,0,1089,787,"72,27"
2024,AGOSTO,CORPORACION PARA ESTUDIOS EN SALUD CLINICA CES,ANTIOQUIA,MEDELLÍN,35,35,0,228,214,"93,86"
2024,AGOSTO,HOSPITAL GENERAL DE MEDELLIN LUZ CASTRO DE GUTIERREZ E.S.E,ANTIOQUIA,MEDELLÍN,77,7,0,503,485,"96,42"
2024,AGOSTO,FUNDACION HOSPITALARIA SAN VICENTE DE PAUL,ANTIOQUIA,MEDELLÍN,127,0,0,1144,855,"74,74"
2024,AGOSTO,CLINICA GENEZEN S.A.S SEDE PUERTO BERRIO,ANTIOQUIA,PUERTO BERRÍO,0,0,0,8,8,"100,00"
2024,AGOSTO,HOSPITAL SAN JUAN DE DIOS E.S.E RIONEGRO - ANTIOQUIA,ANTIOQUIA,RIONEGRO,8,8,0,116,114,"98,28"
2024,AGOSTO,SOCIEDAD MEDICA RIONEGRO S.A. SOMER S.A,ANTIOQUIA,RIONEGRO,12,12,0,627,450,"71,77"
2024,AGOSTO,FUNDACION HOSPITAL SAN VICENTE DE PAUL RIONEGRO,ANTIOQUIA,RIONEGRO,33,33,0,352,335,"95,17"
2024,AGOSTO,E.S.E HOSPITAL SAN JUAN DE DIOS ANTIOQUIA,ANTIOQUIA,SANTAFÉ DE ANTIOQUIA,7,0,0,68,62,"91,18"
2024,AGOSTO,EMPRESA SOCIAL DEL ESTADO HOSPITAL FRANCISCO VALDERRAMA,ANTIOQUIA,TURBO,0,0,0,18,18,"100,00"
2024,AGOSTO,EMPRESA SOCIAL DEL ESTADO HOSPITAL SAN JUAN DE DIOS YARUMAL,ANTIOQUIA,YARUMAL,2,0,0,49,51,"104,08"
2024,AGOSTO,EMPRESA SOCIAL DEL ESTADO HOSPITAL SAN RAFAEL DE YOLOMBO,ANTIOQUIA,YOLOMBÓ,0,0,0,65,65,"100,00"
2024,SEPTIEMBRE,CLINICA CENTRAL FUNDADORES APARTADO,ANTIOQUIA,APARTADÓ,3,0,0,56,56,"100,00"
2024,SEPTIEMBRE,PROMOTORA CLINICA ZONA FRANCA DE URABA,ANTIOQUIA,APARTADÓ,24,0,0,353,353,"100,00"
2024,SEPTIEMBRE,CLINICA ANTIOQUIA - SEDE NORTE,ANTIOQUIA,BELLO,0,0,0,33,33,"100,00"
2024,SEPTIEMBRE,ESPECIALIDADES MEDICAS METROPOLITANAS S.A.S.,ANTIOQUIA,BELLO,0,0,0,40,40,"100,00"
2024,SEPTIEMBRE,EMPRESA SOCIAL DEL ESTADO HOSPITAL MARCO FIDEL SUAREZ,ANTIOQUIA,BELLO,0,0,0,188,196,"104,26"
2024,SEPTIEMBRE,FUNDACION CLINICA DEL NORTE,ANTIOQUIA,BELLO,9,0,0,205,206,"100,49"
2024,SEPTIEMBRE,E.S.E HOSPITAL SAN VICENTE DE PAUL DE CALDAS,ANTIOQUIA,CALDAS,0,0,0,21,19,"90,48"
2024,SEPTIEMBRE,CLINICA PAJONAL LIMITADA,ANTIOQUIA,CAUCASIA,0,0,0,37,37,"100,00"
2024,SEPTIEMBRE,ESE HOSPITAL CESAR URIBE PIEDRAHITA,ANTIOQUIA,CAUCASIA,1,0,0,56,56,"100,00"
2024,SEPTIEMBRE,UNLAB SOMA sede Chigorodó,ANTIOQUIA,CHIGORODÓ,0,0,0,10,10,"100,00"
2024,SEPTIEMBRE,E.S.E HOSPITAL LA MERCED DE CIUDAD BOLIVAR,ANTIOQUIA,CIUDAD BOLÍVAR,0,0,0,13,13,"100,00"
2024,SEPTIEMBRE,LABORATORIO MEDICO LAS AMERICAS SEDE SUR,ANTIOQUIA,ENVIGADO,6,6,0,166,130,"78,31"
2024,SEPTIEMBRE,CENTRO ONCOLOGICO DE ANTIOQUIA S.A.,ANTIOQUIA,ENVIGADO,8,0,0,425,270,"63,53"
2024,SEPTIEMBRE,HOSPITAL MANUEL URIBE ANGEL E.S.E,ANTIOQUIA,ENVIGADO,19,39,0,393,363,"92,37"
2024,SEPTIEMBRE,ANGIOSUR S.A.S.,ANTIOQUIA,ITAGUI,0,0,0,11,11,"100,00"
2024,SEPTIEMBRE,E.S.E. HOSPITAL SAN RAFAEL DE ITAGUI,ANTIOQUIA,ITAGUI,0,0,0,18,18,"100,00"
2024,SEPTIEMBRE,CLINICA ANTIOQUIA S.A.,ANTIOQUIA,ITAGUI,2,2,0,132,132,"100,00"
2024,SEPTIEMBRE,CLINICA SAN JUAN DE DIOS LA CEJA,ANTIOQUIA,LA CEJA,4,0,0,50,45,"90,00"
2024,SEPTIEMBRE,CORPORACION HOSPITAL INFANTIL CONCEJO DE MEDELLIN,ANTIOQUIA,MEDELLÍN,0,0,0,2,2,"100,00"
2024,SEPTIEMBRE,MESSER COLOMBIA S.A. AGENCIA REMEO CENTER MEDELLIN,ANTIOQUIA,MEDELLÍN,0,0,0,8,8,"100,00"
2024,SEPTIEMBRE,UNIDAD HOSPITALARIA SANTA CRUZ VICTOR CARDENAS JARAMILLO,ANTIOQUIA,MEDELLÍN,0,0,0,9,9,"100,00"
2024,SEPTIEMBRE,LABORATORIO MEDICO ECHAVARRIA S.A.S SEDE TORRE MEDICA SALUD VEGAS,ANTIOQUIA,MEDELLÍN,0,0,0,15,7,"46,67"
2024,SEPTIEMBRE,UNIDAD HOSPITALARIA DE CASTILLA JAIME TOBON ARBELAEZ,ANTIOQUIA,MEDELLÍN,0,0,0,19,19,"100,00"
2024,SEPTIEMBRE,SYNLAB SEDE EL TESORO,ANTIOQUIA,MEDELLÍN,0,0,0,21,21,"100,00"
2024,SEPTIEMBRE,FUNDACION INSTITUTO NEUROLOGICO DE COLOMBIA,ANTIOQUIA,MEDELLÍN,0,0,0,25,18,"72,00"
2024,SEPTIEMBRE,SYNLAB SEDE INTERQUIROFANOS,ANTIOQUIA,MEDELLÍN,0,0,0,25,19,"76,00"
2024,SEPTIEMBRE,INSTITUTO DEL CORAZON S.A.S,ANTIOQUIA,MEDELLÍN,0,0,0,36,36,"100,00"
2024,SEPTIEMBRE,UNIDAD HOSPITALARIA NUEVO OCCIDENTE,ANTIOQUIA,MEDELLÍN,0,0,0,56,51,"91,07"
2024,SEPTIEMBRE,CLINICA CENTRAL FUNDADORES,ANTIOQUIA,MEDELLÍN,0,0,0,86,86,"100,00"
2024,SEPTIEMBRE,IPS SAN MARCOS DE LEON NORTE S.A.S,ANTIOQUIA,MEDELLÍN,0,0,0,148,102,"68,92"
2024,SEPTIEMBRE,NUEVA CLINICA SAGRADO CORAZON S.A.S,ANTIOQUIA,MEDELLÍN,0,0,0,248,206,"83,06"
2024,SEPTIEMBRE,CLINICA MEDELLIN SEDE OCCIDENTE,ANTIOQUIA,MEDELLÍN,0,0,0,764,334,"43,72"
2024,SEPTIEMBRE,CLINICA CARDIO VID,ANTIOQUIA,MEDELLÍN,0,8,0,476,260,"54,62"
2024,SEPTIEMBRE,UNIDAD HOSPITALARIA DE BELEN HECTOR ABAD GOMEZ,ANTIOQUIA,MEDELLÍN,1,0,0,56,53,"94,64"
2024,SEPTIEMBRE,CEDIMED POBLADO,ANTIOQUIA,MEDELLÍN,2,0,0,4,4,"100,00"
2024,SEPTIEMBRE,UNIDAD HOSPITALARIA DE MANRRIQUE HERMENEGILDO DE FEX,ANTIOQUIA,MEDELLÍN,2,2,0,21,21,"100,00"
2024,SEPTIEMBRE,LABORATORIO MEDICO DE REFERENCIA,ANTIOQUIA,MEDELLÍN,4,4,0,80,80,"100,00"
2024,SEPTIEMBRE,IPS UNIVERSITARIA SEDE CLINICA LEON XIII,ANTIOQUIA,MEDELLÍN,4,4,0,776,480,"61,86"
2024,SEPTIEMBRE,LABORATORIO MEDICO DE REFERENCIA SEDE EL TESORO,ANTIOQUIA,MEDELLÍN,6,6,0,250,184,"73,60"
2024,SEPTIEMBRE,INVERSIONES MEDICAS DE ANTIOQUIA S.A. CLINICA LAS VEGAS,ANTIOQUIA,MEDELLÍN,7,7,0,429,231,"53,85"
2024,SEPTIEMBRE,LABORATORIO TEST,ANTIOQUIA,MEDELLÍN,8,0,0,161,150,"93,17"
2024,SEPTIEMBRE,CLINICA VIDA SEDE HOSPITALARIA,ANTIOQUIA,MEDELLÍN,12,0,0,1022,432,"42,27"
2024,SEPTIEMBRE,CORPORACION PARA ESTUDIOS EN SALUD CLINICA CES,ANTIOQUIA,MEDELLÍN,13,0,0,228,302,"132,46"
2024,SEPTIEMBRE,CLINICA UNIVERSITARIA BOLIVARIANA,ANTIOQUIA,MEDELLÍN,15,15,0,137,163,"118,98"
2024,SEPTIEMBRE,PROMOTORA MEDICA LAS AMERICAS S.A,ANTIOQUIA,MEDELLÍN,21,21,0,989,642,"64,91"
2024,SEPTIEMBRE,SYNLAB SEDE CIUDAD DEL RIO,ANTIOQUIA,MEDELLÍN,24,24,0,365,168,"46,03"
2024,SEPTIEMBRE,HOSPITAL PABLO TOBON URIBE,ANTIOQUIA,MEDELLÍN,46,46,0,968,703,"72,62"
2024,SEPTIEMBRE,HOSPITAL GENERAL DE MEDELLIN LUZ CASTRO DE GUTIERREZ E.S.E,ANTIOQUIA,MEDELLÍN,62,0,0,484,482,"99,59"
2024,SEPTIEMBRE,FUNDACION HOSPITALARIA SAN VICENTE DE PAUL,ANTIOQUIA,MEDELLÍN,89,0,0,1110,742,"66,85"
2024,SEPTIEMBRE,CLINICA GENEZEN S.A.S SEDE PUERTO BERRIO,ANTIOQUIA,PUERTO BERRÍO,2,0,0,19,21,"110,53"
2024,SEPTIEMBRE,HOSPITAL SAN JUAN DE DIOS E.S.E RIONEGRO - ANTIOQUIA,ANTIOQUIA,RIONEGRO,7,7,0,124,123,"99,19"
2024,SEPTIEMBRE,SOCIEDAD MEDICA RIONEGRO S.A. SOMER S.A,ANTIOQUIA,RIONEGRO,30,30,0,30,482,"1606,67"
2024,SEPTIEMBRE,FUNDACION HOSPITAL SAN VICENTE DE PAUL RIONEGRO,ANTIOQUIA,RIONEGRO,77,77,0,389,399,"102,57"
2024,SEPTIEMBRE,E.S.E HOSPITAL SAN JUAN DE DIOS ANTIOQUIA,ANTIOQUIA,SANTAFÉ DE ANTIOQUIA,10,0,0,64,58,"90,63"
2024,SEPTIEMBRE,EMPRESA SOCIAL DEL ESTADO HOSPITAL FRANCISCO VALDERRAMA,ANTIOQUIA,TURBO,0,0,0,35,35,"100,00"
2024,SEPTIEMBRE,EMPRESA SOCIAL DEL ESTADO HOSPITAL SAN JUAN DE DIOS YARUMAL,ANTIOQUIA,YARUMAL,1,0,0,53,54,"101,89"
2024,SEPTIEMBRE,EMPRESA SOCIAL DEL ESTADO HOSPITAL SAN RAFAEL DE YOLOMBO,ANTIOQUIA,YOLOMBÓ,0,0,0,41,41,"100,00"
